version,time,accuracy,precision,recall,fscore
ab29811583e1854dcf48e36be9c4929fe5fad12a,0.253675,0.969697,0.971286,0.969697,0.969738
85fa92a0aacc5a459dc041435ebaaa87f5491a84,0.338544,0.969697,0.971286,0.969697,0.969738
df1fda031a87449246b3a1e0eff315f9aad0f824,0.240742,0.969697,0.971286,0.969697,0.969738
dd64030c1f9297260dfd5acd0953fc1f71da63bd,0.178456,0.969697,0.971286,0.969697,0.969738
d3bfaa5eafc2a584e04e50cc7b2e541d22f52758,0.307281,0.969697,0.971286,0.969697,0.969738
aa84b2d13d300a42a8421f13ef930047f0aab3cb,0.209578,0.969697,0.971286,0.969697,0.969738
a97e2996d14c8935be8307a2b16fed18c52cb60a,0.429282,0.969697,0.971286,0.969697,0.969738
a40922a87d0b1358ef3b4b1b96a7b5de2a402df1,0.199912,0.969697,0.971286,0.969697,0.969738
96b79a138c8926b620596bd75b292ebfbe006381,0.238899,0.969697,0.971286,0.969697,0.969738
f1320bdaae508268a38f60d7f4de3259f0c259e6,0.332904,0.969697,0.971286,0.969697,0.969738
dfd3a83ec24f034ebdfdecb1014e7908548090cd,0.250522,0.969697,0.971286,0.969697,0.969738
325bcfd74914a41fa02849f6372b22daa88883d1,0.262386,0.969697,0.971286,0.969697,0.969738
947b1b6875c195ffc40fa9f95fa830af0e14fa97,0.209676,0.969697,0.971286,0.969697,0.969738
ee146547cd412b367f9111fd5eabb2be221f8333,0.251893,0.969697,0.971286,0.969697,0.969738
b094000f02d3903a64b649070e3f9f4c0f2b65b6,0.237187,0.969697,0.971286,0.969697,0.969738
aecc0b44d487c4477ac287aac50a08fdc22ad583,0.279545,0.969697,0.971286,0.969697,0.969738
7602e4f51d0dda1844dc3b6155651fe11e12bd7d,0.244790,0.969697,0.971286,0.969697,0.969738
1c7fd2f8e8348bb2f9c1310666203b3542db9d92,0.358982,0.969697,0.971286,0.969697,0.969738
55bcfed227ec9912b3a461e984446b1fabc99545,0.235391,0.969697,0.971286,0.969697,0.969738
e0a1b362571c6c6ff47b75b2b815517bd2cfae1d,0.211554,0.969697,0.971286,0.969697,0.969738
be2d75a1e86ba14f7b837e40563b1b8c9cc3109a,0.211475,0.969697,0.971286,0.969697,0.969738
9703c23daa035d792bc4af400bd8665152606dc8,0.244237,0.969697,0.971286,0.969697,0.969738
b3804e95d8f77b9d584b7463949153fad39b61fd,0.239693,0.969697,0.971286,0.969697,0.969738
2dd421d4948e1c30a9cbc669090fafd8adbdc2c6,0.173546,0.969697,0.971286,0.969697,0.969738
629f763a950323e7c92d6cbf8ae664ca511a4b6e,0.203789,0.969697,0.971286,0.969697,0.969738
fa8ae78dd6df907f6745ab1def9e2d64cf66fc04,0.240771,0.969697,0.971286,0.969697,0.969738
d7e64beb01682e5dc006b4af33f76b48c280f1ce,0.236560,0.969697,0.971286,0.969697,0.969738
33c4d15aec402cbc64079c0fe5510cf8f1a7240e,0.221600,0.969697,0.971286,0.969697,0.969738
e04d4f8e736e6b791c3ea8ddba0183b9bb75280c,0.268107,0.969697,0.971286,0.969697,0.969738
c9860970cf8f947a74d804a89408ca0874f6597a,0.336211,0.969697,0.971286,0.969697,0.969738
1d1b4dc42c3653ba4a4a152274a81faa4ff3e1fb,0.264311,0.969697,0.971286,0.969697,0.969738
485428033ca1eb5edc3dcc88350ca7b2e157ccc7,0.383006,0.969697,0.971286,0.969697,0.969738
4ec4a02e5991150af5154ce78afff39b99a8c7b4,0.288665,0.969697,0.971286,0.969697,0.969738
81bcf5adfd5e473418a4d27f1f097b1e1eaad2da,0.244698,0.969697,0.971286,0.969697,0.969738
a7c3e46e4ca511682865a3ca82cfeab695709bd3,0.274373,0.969697,0.971286,0.969697,0.969738
a8bf9e5be96729a9a668fbb92428e836558e9d09,0.273711,0.969697,0.971286,0.969697,0.969738
6dd017e1cf3167b114acc81ef29b7c0d5a81addf,0.181189,0.969697,0.971286,0.969697,0.969738
6731b648570c98fb4d79ef7e23f42f565ada1158,0.280710,0.969697,0.971286,0.969697,0.969738
b94c8fcaaceaeaf388400050419b8215ef076118,0.257447,0.969697,0.971286,0.969697,0.969738
996eff0d9353c22a8dc0878bf77dd338238d4687,0.240737,0.969697,0.971286,0.969697,0.969738
c0c1ee3fb140b5012d1d920abfd1b60962ea0dd8,0.167530,0.969697,0.971286,0.969697,0.969738
a72e89e3c96285c284d583d63346a772bd8f9ca2,0.290186,0.969697,0.971286,0.969697,0.969738
57cf25f3e1555fb54796fce611cd37a542648937,0.168515,0.969697,0.971286,0.969697,0.969738
f4f55acbcc07e941d324f1173f7cee1b73019106,0.197660,0.969697,0.971286,0.969697,0.969738
5724245de984cc08517cfccba9fef443ec4b15f9,0.253860,0.969697,0.971286,0.969697,0.969738
9018064dec26d3015f0a476e63961b3cd864f4ba,0.335847,0.969697,0.971286,0.969697,0.969738
a98db44c4801cc610806304f0b536187ba779c94,0.219619,0.969697,0.971286,0.969697,0.969738
97f86b5d88b78000ca5cd9c8576170982e74987e,0.230952,0.969697,0.971286,0.969697,0.969738
384fdb0b7002c7f5d8033c73bd9e21c702e307e0,0.381242,0.969697,0.971286,0.969697,0.969738
9ec0824056b82e134691d7c66b4ed1410ab4dec7,0.234478,0.969697,0.971286,0.969697,0.969738
bd8c8febb7de5f264b52310712e58b3a20aa0573,0.344580,0.969697,0.971286,0.969697,0.969738
e4dee4f4f1be13776718de94cf06ee6ef690e826,0.266377,0.969697,0.971286,0.969697,0.969738
946ff5158e45b96fc978c1ad3db339ed15e5d41d,0.157818,0.969697,0.971286,0.969697,0.969738
84525f6fb18081b6b7e484900ed59e6e3f8cffc0,0.289808,0.969697,0.971286,0.969697,0.969738
4163283a96aa34d1babe96fa79caa4a4925a5e4a,0.255051,0.969697,0.971286,0.969697,0.969738
4c544247eca5c12654f97d15857cc2841f804856,0.348451,0.969697,0.971286,0.969697,0.969738
151ebbcf24f86f0ad28149a67328c52040a13ab4,0.211067,0.969697,0.971286,0.969697,0.969738
06cca82d6f980bfb0261c9973c357e7f87086615,0.240816,0.969697,0.971286,0.969697,0.969738
943439d4b0b3e66159f264217efe8ee4e30748f9,0.278482,0.969697,0.971286,0.969697,0.969738
4e928ae10627ab6d2be472901d11b89c3ff3ff2c,0.288425,0.969697,0.971286,0.969697,0.969738
0c55ac8328ffbffc133dfca10590fbbcb2b10971,0.277644,0.969697,0.971286,0.969697,0.969738
5c42bde7081cb97444de6d408e6fa0adfc72aed6,0.210991,0.969697,0.971286,0.969697,0.969738
7d83a82eedb870b3139c4a9fcc28d1a31301fd45,0.357721,0.969697,0.971286,0.969697,0.969738
cbbb0fc222abd66cf20477cc221c596a14e0955f,0.144352,0.969697,0.971286,0.969697,0.969738
6722d79c1d59d6f9ffb006101b23ef913b0fc0e3,0.131591,0.969697,0.971286,0.969697,0.969738
6f4021cef9e096538102422885dc3e353ac47ac3,0.304093,0.969697,0.971286,0.969697,0.969738
0530495ebe7ae3ddb61d58986fb3b8f50f79be6d,0.187574,0.969697,0.971286,0.969697,0.969738
6a8dd42e5d48d287c92da848690bf866823bb76f,0.154822,0.969697,0.971286,0.969697,0.969738
3e4a85cd9a36e4374248816f8520c3e7e56395c3,0.354246,0.969697,0.971286,0.969697,0.969738
e89a0240de1b55784aa265309781328f63eac4b3,0.333320,0.969697,0.971286,0.969697,0.969738
48efee254d40d2a82086d58fc6894ae72a92104e,0.178249,0.969697,0.971286,0.969697,0.969738
eee591012d8012b8a2f461b0e65f39bfcfd0810e,0.248863,0.969697,0.971286,0.969697,0.969738
bbbb022a824977b00a4d017cbdb8e96d6327c1fb,0.231238,0.969697,0.971286,0.969697,0.969738
040938e63bc8214fbb84d3622a7acfdbff93142a,0.217057,0.969697,0.971286,0.969697,0.969738
a61093e77b4ca738268e28b8827a6507d91de70e,0.181974,0.969697,0.971286,0.969697,0.969738
e5b94d59fb8a973538ed56f3cc9a7a17a6743e0f,0.221649,0.969697,0.971286,0.969697,0.969738
54067fe304a096c6082fa76fb66b4d3b8c432f23,0.124258,0.969697,0.971286,0.969697,0.969738
41e1e9269b880491f9f32614c433ca42f54ec65c,0.225630,0.969697,0.971286,0.969697,0.969738
1d8bcae70d86506f3c5d9d734227f6052d540be8,0.274779,0.969697,0.971286,0.969697,0.969738
1d304ed47008cd8fa122d266f40afe902f5940f5,0.242845,0.969697,0.971286,0.969697,0.969738
4c342657c125a57aa024ea2ca686d286fd09c866,0.273927,0.969697,0.971286,0.969697,0.969738
0d591807342698b1535314a3129ad5b227b1cdfc,0.230312,0.969697,0.971286,0.969697,0.969738
d04dac492e769d20682903e26935c0eb29fab268,0.311613,0.969697,0.971286,0.969697,0.969738
8173fede4fb6b7d75222c6a25f026d76a4a2600e,0.251350,0.969697,0.971286,0.969697,0.969738
549d18d207a70de3b97f5bad3c9400987d06b7c7,0.294388,0.969697,0.971286,0.969697,0.969738
a3956577857d8af6374eb9244a60fa415e5a62f2,0.244326,0.969697,0.971286,0.969697,0.969738
54bb8a8d6415feabb1e7b5613ee70a42c6cf437e,0.198692,0.969697,0.971286,0.969697,0.969738
280f2af0ef858e55a8515a9f100acf60841de803,0.164032,0.969697,0.971286,0.969697,0.969738
948c4ef711d3beb485ec3159bf0880334e09bad0,0.221793,0.969697,0.971286,0.969697,0.969738
308eeb1d55d792736cccd8bb1d67195b94887f67,0.294611,0.969697,0.971286,0.969697,0.969738
ed40151899ed7bf1282c22d790f80536ab210357,0.279379,0.969697,0.971286,0.969697,0.969738
03cb3690444e8701da605ecb6dc475282bc0fb83,0.172964,0.969697,0.971286,0.969697,0.969738
5592fcb1c07fcc3d076b867f3c0761f0e0b014d5,0.136354,0.969697,0.971286,0.969697,0.969738
afd8546764f836e3f84a492a52c8da4300a506bc,0.340018,0.969697,0.971286,0.969697,0.969738
1e418a9aa5f961c1141b085c9ce69b9bfe212480,0.176565,0.969697,0.971286,0.969697,0.969738
7cbc276a9e51049d37fbaa30969241cd9dcf2b3b,0.298189,0.969697,0.971286,0.969697,0.969738
43bcf61b8a7cb6be684dfca8d8c1a8e3a3abb65b,0.211566,0.969697,0.971286,0.969697,0.969738
55d2772d72a35be3d93634179ff6044086dd771e,0.328468,0.969697,0.971286,0.969697,0.969738
4d708470fe3c1b8e73a9f1ffbb5e3f7f4d317797,0.289562,0.969697,0.971286,0.969697,0.969738
843045de7ce5687491ab266b06faf21a99319f63,0.254893,0.969697,0.971286,0.969697,0.969738
d967530ce6f8b29297e4f68f6aa2ed3bd6c82542,0.189207,0.969697,0.971286,0.969697,0.969738
80da99a483b774f0ad08afb19883bc658a20d9be,0.321710,0.969697,0.971286,0.969697,0.969738
2a302fdcb65178f53037d05b3b0ad982fe4abda3,0.294638,0.969697,0.971286,0.969697,0.969738
2cc1837430590ad4ab32e3ad837f67d65d020b6c,0.246707,0.969697,0.971286,0.969697,0.969738
0b86ee2ff0a69b5a26bbbac6738d75232399ae6f,0.244653,0.969697,0.971286,0.969697,0.969738
e83a8ccb51061582374841fa716da77cec4af6ed,0.328632,0.969697,0.971286,0.969697,0.969738
bf23ccd8d9deff71306a58c13a76f7afd625e07d,0.240841,0.969697,0.971286,0.969697,0.969738
f97cefdb4ec2689e9677223123262fc8f4abf9a0,0.364090,0.969697,0.971286,0.969697,0.969738
4412c088f0c19f2ef9de17480a0a4ec0369c0684,0.258436,0.969697,0.971286,0.969697,0.969738
5631ff983e58516751e2f549a6c3702355a97ef9,0.175701,0.969697,0.971286,0.969697,0.969738
e219a7cd395434b11110df85d1de81c9b29c064e,0.272262,0.969697,0.971286,0.969697,0.969738
d0ae9f8228b977287f0ccc395ef76b8d563184ce,0.256621,0.969697,0.971286,0.969697,0.969738
a03885470fff092e6e18734e0cc95ebc2a1b36f8,0.341085,0.969697,0.971286,0.969697,0.969738
7bfc2a1350f0431c966aa90396eeed3c2969ac3d,0.194248,0.969697,0.971286,0.969697,0.969738
087d6f2ce1f7a2dd5f81ac27baf6798eac1d953e,0.377332,0.969697,0.971286,0.969697,0.969738
f64427ba7f55ae235cd7c5aa9423491e82ed04c8,0.218539,0.969697,0.971286,0.969697,0.969738
82d25607a0b9d86261ea9d7ac437c77c02705d3d,0.263997,0.969697,0.971286,0.969697,0.969738
7f4263078ec38cde3e0614be6c16ecdfd6a64196,0.217504,0.969697,0.971286,0.969697,0.969738
6ec33ff89917a5e935f585aaf49578070387acc0,0.246326,0.969697,0.971286,0.969697,0.969738
b2818993c38d8935c474bea110c5f07bd817084f,0.263408,0.969697,0.971286,0.969697,0.969738
3e0aeac85efe6abcfead8619fe0142899390fb59,0.179228,0.969697,0.971286,0.969697,0.969738
2ab954c6f0d0a388d3cce9f5430a7be3eb0b50b9,0.244421,0.969697,0.971286,0.969697,0.969738
b7217586bdaf6ae125ce93d6581eee39a0149f0e,0.344970,0.969697,0.971286,0.969697,0.969738
5570a488736e56373638a05fd9a8a7c7671a540d,0.213241,0.969697,0.971286,0.969697,0.969738
84961ce4d96cd877ef32beefe10e89459e3cf5c2,0.135291,0.969697,0.971286,0.969697,0.969738
9bf47c293aef836f2c705e16ab88196284ce1636,0.219167,0.969697,0.971286,0.969697,0.969738
d22e905eab6349198b7e32ed1491ee90da222285,0.155308,0.969697,0.971286,0.969697,0.969738
2391d949e0fa7e8f4c717fa14a70b69a9c4beace,0.248144,0.969697,0.971286,0.969697,0.969738
fd9919de3a7ccf82373af1114fccd8b33e0ad444,0.230056,0.969697,0.971286,0.969697,0.969738
dbac5c135ad4e004677e4317a57e8634a31f5c99,0.232091,0.969697,0.971286,0.969697,0.969738
f351280accee11938e6ea4e98b25709daad56c8e,0.307169,0.969697,0.971286,0.969697,0.969738
4b5fc0cd9b46893b1f3fa829de2c92500714b930,0.395647,0.969697,0.971286,0.969697,0.969738
7638a39a42a07b98e176a5abccd51eef31a7536f,0.423288,0.969697,0.971286,0.969697,0.969738
4169e282620d38897641ae762468eb884a12e950,0.255060,0.969697,0.971286,0.969697,0.969738
5b397103c803fc0b3a09c77c4c85b6f8e2378ef7,0.295683,0.969697,0.971286,0.969697,0.969738
96d47afa9ddc34c07859f3f95f4352520f85e44f,0.297968,0.969697,0.971286,0.969697,0.969738
f8525b8ca131e902b831d8ee10cb57ee9d751dbe,0.150283,0.969697,0.971286,0.969697,0.969738
7e1327403ad69f97aaba56c36fb95ab108f9555e,0.297340,0.969697,0.971286,0.969697,0.969738
0cb216b2ac0c5dab416513e277dede795fb14ce7,0.242884,0.969697,0.971286,0.969697,0.969738
cd99c13113ffa9ee660ea1779c81fa28907f5fff,0.205912,0.969697,0.971286,0.969697,0.969738
7a9eb285aab56a058ef793dae9fd36acf2d5f530,0.260719,0.969697,0.971286,0.969697,0.969738
cebecf8335d9b0e1b4b30769d10557aa9bec6ef6,0.322856,0.969697,0.971286,0.969697,0.969738
582fa8248caa8200941baa26446cf952868b81cf,0.293918,0.969697,0.971286,0.969697,0.969738
76d93c6b1fb1ab44bd051e893ed303fd1299b7e2,0.210442,0.969697,0.971286,0.969697,0.969738
10051e16518e1d0c1605be3d0e33642810131f4c,0.341843,0.969697,0.971286,0.969697,0.969738
3b46e421d1680a428eac959b0860250d298eddce,0.338094,0.969697,0.971286,0.969697,0.969738
d54d6ca21f7abd6cf591264d95c3aa5eef0714cd,0.279431,0.969697,0.971286,0.969697,0.969738
42a58c875b10e986f98461a75aced6e75c9a3006,0.290055,0.969697,0.971286,0.969697,0.969738
fa9f1a35aea1c6783cb548dc471e45eefbc076f6,0.370404,0.969697,0.971286,0.969697,0.969738
e11c4babfe36014746c44064ba9c3de3c234edd0,0.266582,0.969697,0.971286,0.969697,0.969738
a43363de801625b73b5881d035d56b6051ec8030,0.150576,0.969697,0.971286,0.969697,0.969738
3e94c854fbc1625909e7c98183188d69561463fb,0.363585,0.969697,0.971286,0.969697,0.969738
e3b3f28ba303434062df095224d833b41d22e3f8,0.254735,0.969697,0.971286,0.969697,0.969738
93f9e964cf49ac0bd8c559dc9b7d3fb4839b6f1f,0.294793,0.969697,0.971286,0.969697,0.969738
b9b58c00e261d830b40e400c63960e34ed50a4f7,0.258934,0.969697,0.971286,0.969697,0.969738
85edc23185c145c465b3d350bc11b554a11146ee,0.248657,0.969697,0.971286,0.969697,0.969738
a79579e01cca1b0199c8a08a9a6a88070b33b58f,0.282382,0.969697,0.971286,0.969697,0.969738
f10929e9a835d64eeaea33b6b604d293c8f775bd,0.244157,0.969697,0.971286,0.969697,0.969738
6b074d56f92530d6298bdb13b9e47b22244506f7,0.354278,0.969697,0.971286,0.969697,0.969738
673ca56ba5c6d2a93599a13959d45243610beccf,0.305182,0.969697,0.971286,0.969697,0.969738
5d4a30f961331d6edabff4a47494edd334985be7,0.297028,0.969697,0.971286,0.969697,0.969738
839ff53bc6d886b63de4b579a6d71bdb5cb14f0c,0.242364,0.969697,0.971286,0.969697,0.969738
c61f016d5572fde8fe14313f489f82cfbf1f6605,0.243937,0.969697,0.971286,0.969697,0.969738
3c3db66d562690ae340166fe232d50f862a94a7f,0.322451,0.969697,0.971286,0.969697,0.969738
85fc04776497e78b979bb6417626958b340087f9,0.289583,0.969697,0.971286,0.969697,0.969738
df15f407135679d2bccb3353df0713665cdd7a33,0.237230,0.969697,0.971286,0.969697,0.969738
ef7a3495ecac8ebb6c2b62104acd02992b7f6d7f,0.270474,0.969697,0.971286,0.969697,0.969738
24ca47e278bb035e47e5bc79b698e7445944aef6,0.172940,0.969697,0.971286,0.969697,0.969738
34f060a6cd8aa59aaeb8aeec8f5ac0a8f35fa956,0.243734,0.969697,0.971286,0.969697,0.969738
7dfe065820fbbbc59e134c888b742053cc808498,0.252372,0.969697,0.971286,0.969697,0.969738
7f1b1b589b727b25868888afd81305bf9e9ef182,0.364104,0.969697,0.971286,0.969697,0.969738
1dc6c49525f0bc37759d5c352161b61bdce641a8,0.170789,0.969697,0.971286,0.969697,0.969738
e38ee6897b15811ad8c8fe2e05fbfc0171491a2f,0.178695,0.969697,0.971286,0.969697,0.969738
119fdedee3179048911b6f4a7a81efae2c40c010,0.166477,0.969697,0.971286,0.969697,0.969738
8de5f597fa9db6d4ac0686fb343e4ae6fc43f796,0.241772,0.969697,0.971286,0.969697,0.969738
5b593ca55c729e102ecdad7ce72281047b2c12c8,0.386751,0.969697,0.971286,0.969697,0.969738
08524b071ab8ef1df2b34ea2416495624760d0de,0.175076,0.969697,0.971286,0.969697,0.969738
c3f33c326f7acda3c7acb338852dc46fa7ada8ea,0.246493,0.969697,0.971286,0.969697,0.969738
90b32d489d4c11152db3a69c7207e86ab7afc0b7,0.239698,0.969697,0.971286,0.969697,0.969738
71819eb8aec9a4f139d01db0d208c23963482831,0.122269,0.969697,0.971286,0.969697,0.969738
da14f8eb622be7a4332e3b04cf9d83881015eac9,0.252641,0.969697,0.971286,0.969697,0.969738
323fb80744e63a322fe5ed70d86130aa61aa3c19,0.178810,0.969697,0.971286,0.969697,0.969738
6161e9a17c431f56b1223de754af8dbcd8676ad1,0.274598,0.969697,0.971286,0.969697,0.969738
d3e526234effb41c203596b99ae20fbc66a56fb9,0.247571,0.969697,0.971286,0.969697,0.969738
7cac98e0e4569aa94b7e463af3ed83fee8a91e1d,0.434593,0.969697,0.971286,0.969697,0.969738
95c3b4bbcf6e13879e18677b701e44cc0dd16457,0.225811,0.969697,0.971286,0.969697,0.969738
d89d3bc4b2dcfb99b33eba52ae4191894918b4bb,0.341556,0.969697,0.971286,0.969697,0.969738
29578c7cabc1d4a611c910b588025966f4d60f49,0.232426,0.969697,0.971286,0.969697,0.969738
1d0b8df77bab570bc0ebd032452f777515f6e012,0.220851,0.969697,0.971286,0.969697,0.969738
b4c2bdf20b5d20e0bfdcdbbca65c58e4de325c03,0.414532,0.969697,0.971286,0.969697,0.969738
8849716143f12de0ee6543da8f234e92436d74be,0.331742,0.969697,0.971286,0.969697,0.969738
91751a6c05e59c555054af0b3e1e376d2194297c,0.311058,0.969697,0.971286,0.969697,0.969738
c876e83306afd3c83651b83eadee93dcf0aadcec,0.197773,0.969697,0.971286,0.969697,0.969738
049a97924764233299b2007486b0bb03ad54dff1,0.302555,0.969697,0.971286,0.969697,0.969738
ad2ee4d6e6b3426fa618233c9a0c356c926feaab,0.343088,0.969697,0.971286,0.969697,0.969738
1ed238db57b9c38cd0c011baaf0818184914132e,0.363924,0.969697,0.971286,0.969697,0.969738
55b45841384ce08b2b083cac52f52cf3b0121374,0.338157,0.969697,0.971286,0.969697,0.969738
6d2b4ce7c550071483c2be4e4b9e72f1da0f81a9,0.356213,0.969697,0.971286,0.969697,0.969738
d33ee3ed999917de00f7805c5be00ea93243f36a,0.422846,0.969697,0.971286,0.969697,0.969738
19f0295eeb415e48bf58a01f203c2f3882bb7fa8,0.438505,0.969697,0.971286,0.969697,0.969738
82aa58e38a6e6879f48da50b80d7ae1d60af3ff2,0.238682,0.969697,0.971286,0.969697,0.969738
5ea06438bdbbdc9b313953b323f387e05ae2d0be,0.243832,0.969697,0.971286,0.969697,0.969738
2db54dc0b40b9ae67a5c5efcf266fc07314f90db,0.339512,0.969697,0.971286,0.969697,0.969738
49ccebfc40f5bacd9bcfda3ab10b3fa9a6eb959d,0.241014,0.969697,0.971286,0.969697,0.969738
cade2382de432e0c4bd9c964a5ecc2fe3dd5a285,0.297157,0.969697,0.971286,0.969697,0.969738
1375582c6e6e9efa09ca4ed605ac6059832b73b1,0.255828,0.969697,0.971286,0.969697,0.969738
10c6e140f83784a07fe5d2373df4f65312dc961e,0.153880,0.969697,0.971286,0.969697,0.969738
e70a3dd8e7b1edb21b75d4a950fb8b180814f193,0.186187,0.969697,0.971286,0.969697,0.969738
4b8947ed9e595d26abc04ceeee8ef73d9f4c83ec,0.230297,0.969697,0.971286,0.969697,0.969738
28c30c328d866c1ec2ac76dcd43027c11c0ed7ec,0.241405,0.969697,0.971286,0.969697,0.969738
3f4c3c67ef7824420c8d371c5fde502386e882dd,0.288060,0.969697,0.971286,0.969697,0.969738
3dd1d00532c70cc3f5ebf2db916e072138afa0f1,0.218092,0.969697,0.971286,0.969697,0.969738
f03fee25eb77973556c3edb75a384fc7912cb612,0.337629,0.969697,0.971286,0.969697,0.969738
965214ed8b62cd1fc7b38735076bbe34914a21d0,0.271510,0.969697,0.971286,0.969697,0.969738
699fab0fa8a5c963721ad756308c286b97e0ec4d,0.211798,0.969697,0.971286,0.969697,0.969738
524a0098cbae4328cb9c1443bcccad4bd4575260,0.198443,0.969697,0.971286,0.969697,0.969738
595bf835c27a87537bd68ef0f1236eb42eb52a0f,0.299016,0.969697,0.971286,0.969697,0.969738
2596c4de76dca07583488a2440277d71e0864cfc,0.290886,0.969697,0.971286,0.969697,0.969738
39e1816d8b94c0bd9a5346c1561f2d781ae0348f,0.223383,0.969697,0.971286,0.969697,0.969738
81f2fbe8bbf0aa98841f270d593ae353a7b31816,0.186224,0.969697,0.971286,0.969697,0.969738
05afc5db96cc3d3ded2f5911f7482fb7360ebadb,0.300264,0.969697,0.971286,0.969697,0.969738
fa6fca83d3dc777aad08f53e692aa6cadfe3ddf2,0.334719,0.969697,0.971286,0.969697,0.969738
b3c9687622d358d901735dae4bdef14a50a87869,0.260498,0.969697,0.971286,0.969697,0.969738
198be6ca462881d01c38a826ec244fc2a3c914d6,0.245854,0.969697,0.971286,0.969697,0.969738
7b661c41c25c318e6c21f4e0a2d80d1dd2b5abab,0.399063,0.969697,0.971286,0.969697,0.969738
d90ba25d339d2ee62bae720d77b858b6b0b2d61a,0.232502,0.969697,0.971286,0.969697,0.969738
41c406fc028d463fae70318bd51d211d278fe330,0.340342,0.969697,0.971286,0.969697,0.969738
5dee67b19127846914210d73b3c3e7d7971f06d2,0.387352,0.969697,0.971286,0.969697,0.969738
4285ab7781045a5fc2315c7d1599ee53acb8b725,0.289533,0.969697,0.971286,0.969697,0.969738
f21efa94990a9d2770c455843c5da4278e799f2a,0.237207,0.969697,0.971286,0.969697,0.969738
590050823aa743c35fbde4b05cf52b2c83504580,0.402579,0.969697,0.971286,0.969697,0.969738
2773f9a29dadf34b60a5aa997a68411ad9013b2b,0.148507,0.969697,0.971286,0.969697,0.969738
d671948c1c1df849d6ef4921058f7d1046e40550,0.217211,0.969697,0.971286,0.969697,0.969738
af5b05ee9ca21d2e03a7bf3f39494a641b60dda5,0.333731,0.969697,0.971286,0.969697,0.969738
1c5d8aa788f7f8689dd5f35244dda8b99f651234,0.248125,0.969697,0.971286,0.969697,0.969738
1f2a8076ed3f1ac44c46cdec436185ad1570f079,0.390447,0.969697,0.971286,0.969697,0.969738
6463492da1ea733c36bc32aab86c1ee901033503,0.336022,0.969697,0.971286,0.969697,0.969738
7242ec201e355cc00c782ff17cbd0918cb260784,0.223302,0.969697,0.971286,0.969697,0.969738
39c12d7006477221b2e9baa531441b9b91f1ad4d,0.203432,0.969697,0.971286,0.969697,0.969738
a9644cf6e1ce79b72b845e30a94a3095a1a383ce,0.139216,0.969697,0.971286,0.969697,0.969738
ceeaf73c1c8d6322c34f193035940a0844a62edd,0.372045,0.969697,0.971286,0.969697,0.969738
a3521a5b843b675e29c38ac87371f02064f4075b,0.123443,0.969697,0.971286,0.969697,0.969738
244abfbd17bc96cf5cf3654f0ac975a79320fdba,0.225024,0.969697,0.971286,0.969697,0.969738
1c7c01145eb997ae3a95513ac0854d9db8105b1e,0.220907,0.969697,0.971286,0.969697,0.969738
6a65388aea0e287417b05b86cdc78a1fe7b048aa,0.339487,0.969697,0.971286,0.969697,0.969738
689f2682375e92249c859f79bcefdc3d758cb138,0.147475,0.969697,0.971286,0.969697,0.969738
79dce03a26c01355d92bcce544cbc46e0fc84394,0.390710,0.969697,0.971286,0.969697,0.969738
69f629e5de0a28cd79661e246b75a18b686aa9d2,0.141068,0.969697,0.971286,0.969697,0.969738
c243d216c3cc8ab784092eccf384c3a8c5cb3092,0.166123,0.969697,0.971286,0.969697,0.969738
4ba9b8aaf7f9f2573f65870ad1fe3ada7f496eb1,0.197069,0.969697,0.971286,0.969697,0.969738
c34cf5d7a9a5fa6e4977fce017b313494bf742c1,0.199184,0.969697,0.971286,0.969697,0.969738
a36f2fbc9a580177a8684f50d32bfdd14a80480d,0.317915,0.969697,0.971286,0.969697,0.969738
8f76efdf35b6974831b2ccaa5dd106565c6e1c32,0.365322,0.969697,0.971286,0.969697,0.969738
a56ca0b2adc6a6a7adc51c7be669adba63f0f557,0.236259,0.969697,0.971286,0.969697,0.969738
cef6ccbc4250bcf66013594a70a42fe4a9e94d4e,0.303881,0.969697,0.971286,0.969697,0.969738
4d0c3312789fe869d5b15078456c88085669b18f,0.239936,0.969697,0.971286,0.969697,0.969738
5b8aeb2f319dca9f80310c016adb701260ee99b5,0.237526,0.969697,0.971286,0.969697,0.969738
71ad011cc91512dd2a8461e09e382b75557b1454,0.226992,0.969697,0.971286,0.969697,0.969738
f4f09c8990487c9d29e47b0adc234e830930b495,0.288438,0.969697,0.971286,0.969697,0.969738
1d66d0b8b91592a0bc527baf8e2ef2ed34ed11e0,0.262806,0.969697,0.971286,0.969697,0.969738
9a5f5c448534f4d47033f89e232496ea1756cc5d,0.161178,0.969697,0.971286,0.969697,0.969738
fda0db3e933ad1d6f1d1b46c7919311c86d2b364,0.173521,0.969697,0.971286,0.969697,0.969738
fd2fdc297111b50e09c1c92f52d56b7481875697,0.228907,0.969697,0.971286,0.969697,0.969738
92257fdab7497a8c0bcb99113727f71a2c530cf6,0.369846,0.969697,0.971286,0.969697,0.969738
5bb104f59f3022794cec707e8a6c63e5aa210651,0.324868,0.969697,0.971286,0.969697,0.969738
a371fd95b2fcab8af8cbf8e97a83cad7651b036c,0.216920,0.969697,0.971286,0.969697,0.969738
55e386706d2a8951228c422b9b6be8b9496888cb,0.220933,0.969697,0.971286,0.969697,0.969738
cbab7cc560e56491bcd64cd2fb7fd84a4876227d,0.354749,0.969697,0.971286,0.969697,0.969738
5b26456b39ecda0e37a5618a7d2752864fafbfae,0.312271,0.969697,0.971286,0.969697,0.969738
cda0f87b7925cdd8aa2c320fa8dc727e9fcf83e3,0.331257,0.969697,0.971286,0.969697,0.969738
856e9a1d133aacbc7ec0654ae9f3cf988ee16baa,0.427973,0.969697,0.971286,0.969697,0.969738
0ea7d8950e63aac814465a96af9a4a43eb2bbebc,0.300414,0.969697,0.971286,0.969697,0.969738
555ef24195742b3275f872dd5d544ff320306fdc,0.307268,0.969697,0.971286,0.969697,0.969738
7613070501e41790591bc45984f28b490653fcca,0.246979,0.969697,0.971286,0.969697,0.969738
dfefb0168af491fabd1874fe42dc6ff73e2b8876,0.298559,0.969697,0.971286,0.969697,0.969738
31486267b3303ae689da2068670fc42615df3efa,0.305294,0.969697,0.971286,0.969697,0.969738
257244167d160948dc673a996e1ac8614f66d246,0.195423,0.969697,0.971286,0.969697,0.969738
94e2883c6112d56bc3dc6451f6f26a068ebdb8b1,0.190441,0.969697,0.971286,0.969697,0.969738
72a7b095346763fe1efdcbd728bcb5d816ce05ad,0.461405,0.969697,0.971286,0.969697,0.969738
a90819e75a06cf4881a25416627616a23a343190,0.406611,0.969697,0.971286,0.969697,0.969738
ae05286c7342fde72e7dd1af9032d2fb95a23ca3,0.272554,0.969697,0.971286,0.969697,0.969738
ca558df7f717324b05f3ad609905526425595190,0.243065,0.969697,0.971286,0.969697,0.969738
20f14951981d10035861e5d821634a31982f069a,0.263080,0.969697,0.971286,0.969697,0.969738
b6ab08a4d7eb7b35055c0130d415d125fb08aa80,0.300411,0.969697,0.971286,0.969697,0.969738
fd8353cf63d0c3f12ae8bea3abf267b3f13843ca,0.180166,0.969697,0.971286,0.969697,0.969738
623a4d7c3b5a1a07bbd5790076696e6e3896309b,0.268136,0.969697,0.971286,0.969697,0.969738
569e80402fd87b150b0033e213b220c31192b4d5,0.310277,0.969697,0.971286,0.969697,0.969738
d85aba65fd2f198224b5819d899d58ecb0036a96,0.213309,0.969697,0.971286,0.969697,0.969738
f1928f7761def2a7b3fe8c40c4ccce5ab7baadbf,0.307967,0.969697,0.971286,0.969697,0.969738
52c4cef7839a1399e2b2afd4908d295a2930b6ee,0.242606,0.969697,0.971286,0.969697,0.969738
8ee00c61433e840739144dea200693d9c59ce740,0.235461,0.969697,0.971286,0.969697,0.969738
632b97b1eae735a241ac5184e79306aece3dc81e,0.177654,0.969697,0.971286,0.969697,0.969738
455ad649f9e8c870dd6f213d5181b3f1aaf92bb8,0.419019,0.969697,0.971286,0.969697,0.969738
8b5a0274d297237b3508a7e5073b4f3f6f27767e,0.194092,0.969697,0.971286,0.969697,0.969738
422d16277d841eb7546c6e2e79cc2c4c03a7e10d,0.259391,0.969697,0.971286,0.969697,0.969738
1f0424b73f85be855b5c5c6c74700fe67bbb9a37,0.438444,0.969697,0.971286,0.969697,0.969738
10febc4ba0f89d51b535e084849932b71c595814,0.276687,0.969697,0.971286,0.969697,0.969738
89b396f0a147c6853fc9d7715781da3d9acda6c1,0.229997,0.969697,0.971286,0.969697,0.969738
66ef1bbfb1446aecc6d0862ce699b56a3c4619b5,0.236762,0.969697,0.971286,0.969697,0.969738
db8fb49395036acd29807326bdc0cc49c577d4b9,0.295009,0.969697,0.971286,0.969697,0.969738
326a81aaead0e32fa21dcac0b46bf486dbde99d8,0.314977,0.969697,0.971286,0.969697,0.969738
2df3f2a271b4797b7881d507c2d517a50d6c980e,0.244230,0.969697,0.971286,0.969697,0.969738
27dfe95e512a0e6be8052490c22baad41f990d99,0.248488,0.969697,0.971286,0.969697,0.969738
3fd831b2c10e5e67644dd294d3c7b3b24755bff4,0.218645,0.969697,0.971286,0.969697,0.969738
677d88bbd9b84582702fef7ce8f32d94426ffc0d,0.194504,0.969697,0.971286,0.969697,0.969738
2bab0b4f9bdc0b12233ccf89888704e40ab7acca,0.199598,0.969697,0.971286,0.969697,0.969738
2bab0b4f9bdc0b12233ccf89888704e40ab7acca,0.271636,0.969697,0.971286,0.969697,0.969738
2717b5b49b1f1bec37ff235fba4e6793d45a48c1,0.235828,0.969697,0.971286,0.969697,0.969738
642ddc1524209c9d6143425462e9fb95e04c691c,0.245745,0.969697,0.971286,0.969697,0.969738
733cbacbb29f17ba7a46bd7c14cb8c0a62740008,0.234298,0.969697,0.971286,0.969697,0.969738
9aa0e2a43de1f2a2f14248ce5381a3965144f50a,0.283230,0.969697,0.971286,0.969697,0.969738
5b19ddb3dd8a6a46ae8f9c590ee9128dc513c255,0.155450,0.969697,0.971286,0.969697,0.969738
f1c626572723d3e0fee7fb3365104da3b3b220d8,0.240045,0.969697,0.971286,0.969697,0.969738
455057bedd9e131c1c291f4ecb53aac7dc1ca9d2,0.335958,0.969697,0.971286,0.969697,0.969738
baa5e8f86b2c2a5aab0f9e35e643332d8d965301,0.290450,0.969697,0.971286,0.969697,0.969738
6ee9d6825035a66cfd792e02be2f39f8c818c0b2,0.405684,0.969697,0.971286,0.969697,0.969738
f624f9e7b30f6980fbe58d8e7f3ca9b0745df679,0.216245,0.969697,0.971286,0.969697,0.969738
5990619c63dff7cdcb8c6d5c400f1c46976e1318,0.259030,0.969697,0.971286,0.969697,0.969738
80b2b867eef2686a1ff207ee92a1d4a66ea74340,0.306147,0.969697,0.971286,0.969697,0.969738
ec41def101aff42335b67951b1eb0a6419fa66ac,0.155664,0.969697,0.971286,0.969697,0.969738
4496ed880e6de05173c985edde3397ea11054f88,0.311097,0.969697,0.971286,0.969697,0.969738
44915af2c0ca1842c487a962167fcddd85e0b4ae,0.371700,0.969697,0.971286,0.969697,0.969738
2f40141d16352cc6e9140c9a9353dd10e87ca713,0.268923,0.969697,0.971286,0.969697,0.969738
ef42c40c56323dd149d17014f77c8519d1466168,0.351099,0.969697,0.971286,0.969697,0.969738
af6ab92b3bc0286e401218631859ee50f8be23f7,0.349787,0.969697,0.971286,0.969697,0.969738
1409e01ea8244cbd9978d15336a15ccaa9a2f36f,0.211438,0.969697,0.971286,0.969697,0.969738
803dc333c1d0b1956551f16a19b12de25ecac733,0.334255,0.969697,0.971286,0.969697,0.969738
c5d20baf285e08730e65b372048b9e5d264fb006,0.244259,0.969697,0.971286,0.969697,0.969738
f890a41958ba65a2499d8b695cdeebc8c95b0275,0.203759,0.969697,0.971286,0.969697,0.969738
425436fbc6e20ffed8e34be7f416250b4c6a4575,0.308221,0.969697,0.971286,0.969697,0.969738
6c3402cf19acdac287ec2dcc8a8f9bb7ac5cdbf1,0.257639,0.969697,0.971286,0.969697,0.969738
adcbdfdbb5e8dc5c7695b86d66e0f7d59d43338b,0.244418,0.969697,0.971286,0.969697,0.969738
c88b5bcca53140f558249e8972c847fad76172d1,0.241319,0.969697,0.971286,0.969697,0.969738
39149ea19f84192a617453679b290e69c2435aca,0.342440,0.969697,0.971286,0.969697,0.969738
c674b6cb8d2b35f6665fcb28c3d690f175da66b1,0.235108,0.969697,0.971286,0.969697,0.969738
44f3d70b61726ef14033d3b3e26a9f00c13d8bf6,0.315073,0.969697,0.971286,0.969697,0.969738
7b705054fea2f79322839173ce97a28fb2e9c764,0.239875,0.969697,0.971286,0.969697,0.969738
f3f7b47e988c7f213c7bf5af90ec7fb1c476e0ab,0.218983,0.969697,0.971286,0.969697,0.969738
762d270326f6f8810bcc0ef196f15b42959817c3,0.336471,0.969697,0.971286,0.969697,0.969738
e346bc3ebe0a9c9c26e527f02e671f52468ff0a6,0.342620,0.969697,0.971286,0.969697,0.969738
3600482558f66cfa273b76c8c1ffafd7d8f96459,0.230558,0.969697,0.971286,0.969697,0.969738
e538b0d38d49d241593fedb7adc752071ba71004,0.352774,0.969697,0.971286,0.969697,0.969738
ed33845dc2e5756a2264b73f3651ce2fe88e715e,0.226671,0.969697,0.971286,0.969697,0.969738
e44915fda88cd51562739439992aa092c57e5758,0.212563,0.969697,0.971286,0.969697,0.969738
a426dbfbd381e83a1a3cd8f9a4dc100363091e02,0.231263,0.969697,0.971286,0.969697,0.969738
cd5acaf9f8cac69a1bcfbe4e113a11e3d2340f24,0.270784,0.969697,0.971286,0.969697,0.969738
f6089f15022ef0037d1d7674b32647d3fa4785d3,0.322208,0.969697,0.971286,0.969697,0.969738
7bae140d84480a3bb0878ae7c05aa12bd9cf0548,0.198667,0.969697,0.971286,0.969697,0.969738
5709c5668bcdae7f24f61493b36e980f6d54366d,0.295166,0.969697,0.971286,0.969697,0.969738
274dcc2008e202a3558d32e3a60a86b11503a3b3,0.230017,0.969697,0.971286,0.969697,0.969738
92fe82eb182566601610da9ad42703eb553959b7,0.243385,0.969697,0.971286,0.969697,0.969738
525dc1fecfe3041025e607cf2e78484dad916c32,0.315435,0.969697,0.971286,0.969697,0.969738
2828888ad869e39967a050136ce0d624f5b00cec,0.257154,0.969697,0.971286,0.969697,0.969738
27206e07b4f837a9e867813be3d6ba7a6a650ab2,0.251512,0.969697,0.971286,0.969697,0.969738
9ebbd2509b6fb9a56244ef33f7dec562205ae5de,0.191202,0.969697,0.971286,0.969697,0.969738
69c05ea2f0badbede3dc5953e1f5868ae36adcdc,0.194404,0.969697,0.971286,0.969697,0.969738
36cf63c0e75d519c22a6741c3ec14c330defff13,0.245423,0.969697,0.971286,0.969697,0.969738
0a898c39620c78995970a40cdfa49aa804aa5413,0.269317,0.969697,0.971286,0.969697,0.969738
724a426a91163f91624f5493129933501acd87f8,0.280658,0.969697,0.971286,0.969697,0.969738
244e01aace1de8e5e384284a115b70845bfe9fd5,0.261296,0.969697,0.971286,0.969697,0.969738
7183c30add413aa5f058a99740cb8d1ce50df8d8,0.236911,0.969697,0.971286,0.969697,0.969738
ec13325ff7739c653c90ae6ddc247f8de807fc2c,0.278892,0.969697,0.971286,0.969697,0.969738
61a25232ae10beab3d94bd022cd0a347bd8cd2eb,0.179752,0.969697,0.971286,0.969697,0.969738
65b8952d07d955dcf02317507ae3c6d204db430d,0.178749,0.969697,0.971286,0.969697,0.969738
ad7ae97873f3b020cb3a217ee33b39663850db42,0.441334,0.969697,0.971286,0.969697,0.969738
8b81dc9e516886e6365f22451f8d446c3e2fcb24,0.327465,0.969697,0.971286,0.969697,0.969738
76f04419897faaffee64216a1e416e227e8c8d5c,0.338988,0.969697,0.971286,0.969697,0.969738
a8fe71bfeee2169185e5eac4cce8a0f3ccbf5ff6,0.222716,0.969697,0.971286,0.969697,0.969738
f378c2a62ce913a308a04a2979c9ea40e13e0f68,0.260324,0.969697,0.971286,0.969697,0.969738
5332582d075d796dfb67282421221cc10da96c11,0.238864,0.969697,0.971286,0.969697,0.969738
2183c4e207e5ca72fb180de6991d9ab5d95ef2b0,0.237684,0.969697,0.971286,0.969697,0.969738
62b7faffcb4ca6802c3beb32d18bca493a343fa5,0.452462,0.969697,0.971286,0.969697,0.969738
21dceb26053d040ca8f2d9a8ee5066a2cc3d3a20,0.185963,0.969697,0.971286,0.969697,0.969738
e31db062b850aaeedb50dcc46f368a1caedb6dfd,0.273771,0.969697,0.971286,0.969697,0.969738
11a811037703f6097d5b9df4eb61083a009c6069,0.312564,0.969697,0.971286,0.969697,0.969738
c81364b2b0988f573b83a114ce34e417ae689d4f,0.251854,0.969697,0.971286,0.969697,0.969738
ee125a639d6ffd2d9b23f66cc2dbe4ca8db26351,0.345564,0.969697,0.971286,0.969697,0.969738
6470049313497510c7ad6f4e5b54f95042e66daf,0.216899,0.969697,0.971286,0.969697,0.969738
43e837976abc1fdae155c9f145340613fefefc7a,0.223578,0.969697,0.971286,0.969697,0.969738
62c5fe63668459d396d2847c43010eaf2033cdc5,0.251087,0.969697,0.971286,0.969697,0.969738
4de0dbfe2419d9cd3bd40681eeac2fe9ee980113,0.273270,0.969697,0.971286,0.969697,0.969738
ab11115027b12f1cab69afc914bd6821d6045c88,0.190979,0.969697,0.971286,0.969697,0.969738
c90a79aba61b34d648bf2a153a4d1caf57394f71,0.264458,0.969697,0.971286,0.969697,0.969738
d2702e16a13446a9effa75faff83bb75653b8c83,0.124842,0.969697,0.971286,0.969697,0.969738
6eaecac03359d14c7859c8c01c3e5daac721871d,0.217894,0.969697,0.971286,0.969697,0.969738
7dcaceda66544785ab271de58f43fa937fc0f9b0,0.214103,0.969697,0.971286,0.969697,0.969738
3568d2065a404d345e9fd966ff753f6800c05ca2,0.156426,0.969697,0.971286,0.969697,0.969738
7f4a004d18291292178d1f0894a6be397daad233,0.329230,0.969697,0.971286,0.969697,0.969738
0de2082868096fa9fac7f707422bf85524c4f641,0.163283,0.969697,0.971286,0.969697,0.969738
3897b3ebb5fbdee89fca41244894b358c9bd80c3,0.198171,0.969697,0.971286,0.969697,0.969738
99f7701ec742996bf3c031b4e7d40949f09358e0,0.177661,0.969697,0.971286,0.969697,0.969738
b21a30b2f0296ef05d7e4bce970a8bb5e259387b,0.284285,0.969697,0.971286,0.969697,0.969738
c8d5baa7b721dd7002968dbd500631194e64832c,0.242649,0.969697,0.971286,0.969697,0.969738
bda15f53ee7c75b9052d6530a6d95f5092079abf,0.308550,0.969697,0.971286,0.969697,0.969738
e034f09dd4a7de2ee53c66610a03b712891c5d94,0.213879,0.969697,0.971286,0.969697,0.969738
0b3a04a15ea87144250f5257d58f8d3afbe6f14b,0.207726,0.969697,0.971286,0.969697,0.969738
7cc9673be6978a935052aa3f10c0d2ce6bd451f8,0.235072,0.969697,0.971286,0.969697,0.969738
d58cddd237dc411c253fd612d52154ef0b5ed592,0.148238,0.969697,0.971286,0.969697,0.969738
0c86e6b51eff052f4a6f43306bdce7fd8e40725b,0.154448,0.969697,0.971286,0.969697,0.969738
b2b8c2ba6b75cee66adf388171dbe1d88cdc03f8,0.271506,0.969697,0.971286,0.969697,0.969738
b07bdee9ef58c189156bc66d5a6d052f70a831c6,0.197385,0.969697,0.971286,0.969697,0.969738
8d3baaf0ed8f496bab9a720bc67a17effb587ea2,0.202507,0.969697,0.971286,0.969697,0.969738
91de1c2a9d5268e045db3dd67bf036ef4d7e98d9,0.126554,0.969697,0.971286,0.969697,0.969738
a0085eb042a2d18158bd83f9b3534d5e126aedd2,0.228196,0.969697,0.971286,0.969697,0.969738
78733bf4fbe3760f3e4c8af45825b74f23bbac34,0.159962,0.969697,0.971286,0.969697,0.969738
1e2c6b7444865219707b6b870b3d1fa08eadced3,0.205656,0.969697,0.971286,0.969697,0.969738
4c5d26fd1104a4f19f62bd0407ddd92f6df28f6a,0.118938,0.969697,0.971286,0.969697,0.969738
365fb942d42f780b45c34891cdb28bf8ae1894ef,0.211570,0.969697,0.971286,0.969697,0.969738
95cbfaef65665cf0e50ea319ea6dd40ba4e2c24d,0.214518,0.969697,0.971286,0.969697,0.969738
3427ff4d9c6abd06b056143c33c5d2984f881639,0.266138,0.969697,0.971286,0.969697,0.969738
4a1d5fc07d484de0bdaf95bb61db31c0ef85a797,0.307265,0.969697,0.971286,0.969697,0.969738
1d1822353852031893903bed670b181400db96a6,0.142201,0.969697,0.971286,0.969697,0.969738
13126c14ee469a35a6af4ab031e1e5ee6ebbf4a8,0.210839,0.969697,0.971286,0.969697,0.969738
bc5f546ddcf4e8c331885795eeb77769aab0ef87,0.115543,0.969697,0.971286,0.969697,0.969738
19b8f5802f72e3c4f92c18d03cdac66b2cc08e42,0.262144,0.969697,0.971286,0.969697,0.969738
8b19136a20a6fe159866419d76d66b3bdf4064c3,0.243213,0.969697,0.971286,0.969697,0.969738
65a455a222e40c7eb02c482aa8624cf0858572ba,0.226354,0.969697,0.971286,0.969697,0.969738
56fc25dc25f25bb5c03087d3dc92d9fd97c9b73e,0.112897,0.969697,0.971286,0.969697,0.969738
5e11d75cdc8b85182190bc06baa09a1ce8befb96,0.242548,0.969697,0.971286,0.969697,0.969738
a30197cbc62b7fa5b0245cb51272b5451190db16,0.224003,0.969697,0.971286,0.969697,0.969738
cdd0ef7a5e17631ae32040b95843eb371af4be7f,0.242160,0.969697,0.971286,0.969697,0.969738
5c6a4530a9ff5c8be94a11baa00c73956dac8649,0.243679,0.969697,0.971286,0.969697,0.969738
f57b26ea9d391023847485f8db54f44f31493e19,0.290896,0.969697,0.971286,0.969697,0.969738
731b4c9a1585ffb261c6d68edca2cb52a540f210,0.198224,0.969697,0.971286,0.969697,0.969738
fcca0760fa87c90fb04e505609795c064a258776,0.275510,0.969697,0.971286,0.969697,0.969738
9e60a3f21f842bf35c8ba4af0f4e79df2b060b0e,0.252048,0.969697,0.971286,0.969697,0.969738
208915f8b7eed4128b404da892eba8e5a59b1f6c,0.123508,0.969697,0.971286,0.969697,0.969738
66b32997d92fd28b4d3e0408d6430f39d4cec964,0.205867,0.969697,0.971286,0.969697,0.969738
db123c78b2798e296c6ba55d301888ddc6b6347d,0.193325,0.969697,0.971286,0.969697,0.969738
0faf093c7eb38d369159c32e8b2eed0a088a74b2,0.230981,0.969697,0.971286,0.969697,0.969738
e68aca069985870b39eca1d289e3220c5e905697,0.223932,0.969697,0.971286,0.969697,0.969738
58299a42cde6fa69d8f778e9de7dc2597b40a3b4,0.175571,0.969697,0.971286,0.969697,0.969738
f453f51a9c1c38d9695711614c204411f362bea2,0.278304,0.969697,0.971286,0.969697,0.969738
3c2e91f0c358d289e6affbeef3e22551b96835e7,0.171353,0.969697,0.971286,0.969697,0.969738
1d63e3df393caef2205bfb1fbcf1cf310b3b72df,0.171257,0.969697,0.971286,0.969697,0.969738
c36dd429c150737639b4dd065b2f47124636bfe3,0.192390,0.969697,0.971286,0.969697,0.969738
d55aee641dda72857f7128d13301983c14e7605e,0.272892,0.969697,0.971286,0.969697,0.969738
0fa6645fcebc636449293e73c7485ca51c910452,0.231784,0.969697,0.971286,0.969697,0.969738
0b1bdc74f2a978325f95acc5daf1327ba38cc33d,0.207492,0.969697,0.971286,0.969697,0.969738
af66795451b49fc853e3dcd89828779f17146bfb,0.301329,0.969697,0.971286,0.969697,0.969738
f11ee125e30787e39e2c9928fb7cd2d40b4c51c2,0.229087,0.969697,0.971286,0.969697,0.969738
a4a2ee3af258b4a65a55b96e2281996b4adc5c48,0.234913,0.969697,0.971286,0.969697,0.969738
deed43259078f9dd8cf23f05e1452949f7807bbe,0.117035,0.969697,0.971286,0.969697,0.969738
81b4bce82cad002efe6cc393d5bc705696a6a4ea,0.333897,0.969697,0.971286,0.969697,0.969738
b8d1be797145b0b299756e3ee103312a05b4152d,0.208843,0.969697,0.971286,0.969697,0.969738
c2f3ac9fe1ca782328880d0c00c53be0024966ea,0.318280,0.969697,0.971286,0.969697,0.969738
fa43d48d5f93579c6145197f463cbaa75e984f20,0.163994,0.969697,0.971286,0.969697,0.969738
3beac763da2a024ccf10559a0ec128f2d9433a9d,0.204896,0.969697,0.971286,0.969697,0.969738
12c577feff7add89c2c0db0df29acbc783c1b4d5,0.364793,0.969697,0.971286,0.969697,0.969738
f6412914ba717f5f9dd542836f5e7c833af5c8a3,0.214704,0.969697,0.971286,0.969697,0.969738
b6c89eec4fd1ca8ebede7147f6a71fe24e6d8d06,0.230630,0.969697,0.971286,0.969697,0.969738
6c74aa194645ec96ba0b4539370d485f6540a38f,0.229170,0.969697,0.971286,0.969697,0.969738
b7267f0abe52a8d7a9eaa4db7ed489e6301e7d47,0.239005,0.969697,0.971286,0.969697,0.969738
c278f17c15fa052c43861110f4424e48d2a21115,0.301181,0.969697,0.971286,0.969697,0.969738
8a1a996d1166819a4263285a7fb7f6d1a2defe2b,0.128511,0.969697,0.971286,0.969697,0.969738
9f4a53fbcd76d153f68591f701cea354038b8f56,0.239814,0.969697,0.971286,0.969697,0.969738
60ec05b66f1a717f7e08135f181328657d74113e,0.131460,0.969697,0.971286,0.969697,0.969738
c9a49a530aa8e1af684aad28b47c296482f772a9,0.193246,0.969697,0.971286,0.969697,0.969738
7868f38f58c09501199ea559e641d25bad865ae3,0.143383,0.969697,0.971286,0.969697,0.969738
3980abfa85c609c40b0cdd47f433c4cb89314c6c,0.208153,0.969697,0.971286,0.969697,0.969738
5ab8fe634e2672a2b5700bda3aed9aa1acb87c20,0.123020,0.969697,0.971286,0.969697,0.969738
f64cb7aff684c01fdb7e8b4777161fe71c19ec8c,0.253725,0.969697,0.971286,0.969697,0.969738
c68ad194e92b72e05302e5a2f476a46672a2f4b8,0.245202,0.969697,0.971286,0.969697,0.969738
b6604ef02b5d442e7c978d2f30fbf612539f891a,0.261751,0.969697,0.971286,0.969697,0.969738
ee5f93c6b3af1a903f46888cd34f568308461ec7,0.204272,0.969697,0.971286,0.969697,0.969738
aaa5ca45f5d7a2e2f32e941e15b9fad56ffcd595,0.187753,0.969697,0.971286,0.969697,0.969738
a7fb04c1066ab6eade8494ce518b287171127ea0,0.197867,0.969697,0.971286,0.969697,0.969738
f05035b2a6cb7770fff1fa04ce88ae0d80d7b309,0.124496,0.969697,0.971286,0.969697,0.969738
11b61921cc9681939f53f2512c45c5341b0f69ff,0.230069,0.969697,0.971286,0.969697,0.969738
212c37b00cb9843653894056686894ff3a072eb0,0.232903,0.969697,0.971286,0.969697,0.969738
8dc785fdf0cc6c83e8c43ddb536665fe633c4614,0.190022,0.969697,0.971286,0.969697,0.969738
05b2395bfd24b4306a11c20e874721c0907e995c,0.243921,0.969697,0.971286,0.969697,0.969738
39e1d3eaac52482655e662b24f7e31e430386de0,0.156439,0.969697,0.971286,0.969697,0.969738
4d1c12cd3f78cb2cffd6c4ada43267d5623c1ff4,0.211246,0.969697,0.971286,0.969697,0.969738
cf10808651be3a5f8280c05ea8c27c89d31843d6,0.152258,0.969697,0.971286,0.969697,0.969738
98d920c51f3a5620d3b8fbe5e9fee149ff0dfae1,0.163178,0.969697,0.971286,0.969697,0.969738
79d1830ac576fdc9aca725eac565ff89e2ae363f,0.242234,0.969697,0.971286,0.969697,0.969738
fdb417ef3ee33474a40d05bb7e280383c031c3e8,0.304116,0.969697,0.971286,0.969697,0.969738
b56ad2285077bd59f88f82a8e1fe27ed8d8541fc,0.305662,0.969697,0.971286,0.969697,0.969738
39d65f2cbab543847f88ec7345c659fc3726eb6f,0.246120,0.969697,0.971286,0.969697,0.969738
c2f1557f0f59c3f8d6d443c605bc47a72c7ed4d6,0.219253,0.969697,0.971286,0.969697,0.969738
cd01f48f1dc7a6156e3dc515f72857e4f866202e,0.157306,0.969697,0.971286,0.969697,0.969738
5062f4135c600c9ca4cc71e6dbfa2df8bc140bec,0.227153,0.969697,0.971286,0.969697,0.969738
0c5c87ae734e6e664c393450ca6178a08ff43683,0.209510,0.969697,0.971286,0.969697,0.969738
82bb80e33766c1a6c36dc275cf3b23aa821c0a03,0.242647,0.969697,0.971286,0.969697,0.969738
311ce7bfe23597407826a4533712e1130c70b469,0.218021,0.969697,0.971286,0.969697,0.969738
8067ea1696cdc2c0671b20e532ac1b2622fbe89b,0.307672,0.969697,0.971286,0.969697,0.969738
86ca325faa4b2d0916db792d693d914a0427d384,0.205562,0.969697,0.971286,0.969697,0.969738
79e7f87e1af692671fa2d046da6a244bddaad262,0.113738,0.969697,0.971286,0.969697,0.969738
a480d43011536f167b0277ef3a1e1cce6e726c8c,0.235894,0.969697,0.971286,0.969697,0.969738
058f5ae6de03ac28dd572faf69d5920ed813bcfd,0.184109,0.969697,0.971286,0.969697,0.969738
6166e2e51ad3ecf1acaaac2582f60c363a270cf7,0.236447,0.969697,0.971286,0.969697,0.969738
c429a0b1960652d2932092389b5ceb04950a7d9f,0.203881,0.969697,0.971286,0.969697,0.969738
9013e2844a1c2ab50dd8e96efb330963ddac1cc5,0.217535,0.969697,0.971286,0.969697,0.969738
33cd3f19c5d842e20fa8360b0caa64ea802c377f,0.238807,0.969697,0.971286,0.969697,0.969738
426231260f27ba0e4562de31720919fccc1ddd84,0.201245,0.969697,0.971286,0.969697,0.969738
1a95f212b6de1b081439d271d8703d6f083576c2,0.112351,0.969697,0.971286,0.969697,0.969738
d7144b89e99c7eb18ebad7fd3a3afcbb95e085f5,0.175239,0.969697,0.971286,0.969697,0.969738
c999ea6d37d97399f52f8316e8ecec8e677e04e5,0.112634,0.969697,0.971286,0.969697,0.969738
4d404de886f0d2fc00b9910e8bca36359f230db5,0.222715,0.969697,0.971286,0.969697,0.969738
73e31ba011f9ca5a312c1a7ea25c7606ceb2ff73,0.255467,0.969697,0.971286,0.969697,0.969738
5f171e9cbe499282e385b00f5d15d1798d269085,0.265552,0.969697,0.971286,0.969697,0.969738
ec08e4cbcbea71a93424a22763c1895ce318de78,0.120901,0.969697,0.971286,0.969697,0.969738
b5d5a8951727ea7d05a450b7e8e8eb95e39579b7,0.270420,0.969697,0.971286,0.969697,0.969738
744f25ade0af609a36b5e230e24458a0a83d3903,0.173674,0.969697,0.971286,0.969697,0.969738
0decf0206c537adb41f673e1e0ad6cc93fde14e6,0.151130,0.969697,0.971286,0.969697,0.969738
e290c85567b26cb899e883fc70ed4876b1e3f0f9,0.174855,0.969697,0.971286,0.969697,0.969738
26d809d953be020956dd648e4dcf79bd2ed68959,0.280065,0.969697,0.971286,0.969697,0.969738
2b5d9bafdf738711e4db33c8b13cd15acf11c2e1,0.245833,0.969697,0.971286,0.969697,0.969738
4f9a126404731e2d896755c34ed3d8d0f7c7097f,0.227809,0.969697,0.971286,0.969697,0.969738
ebe22cdd885103c99808d2b9c13a21c872753207,0.191224,0.969697,0.971286,0.969697,0.969738
54283ad7750692dfb8ebdea57ce68b2dc428ceb8,0.218842,0.969697,0.971286,0.969697,0.969738
1ff16f53ddd3b8e9b9df6b760ab766c3f77d5129,0.123496,0.969697,0.971286,0.969697,0.969738
f5a54e0d1561d6255f14976964075ccbbb5c6734,0.243247,0.969697,0.971286,0.969697,0.969738
6c47a31cf3850cd9248154c5d4a3fc46f0638b25,0.260906,0.969697,0.971286,0.969697,0.969738
1150d28832b85c1f2dee86dcc356b20631a92dda,0.135622,0.969697,0.971286,0.969697,0.969738
ebf827f591afb20f165371ba852fd85882374fd6,0.167947,0.969697,0.971286,0.969697,0.969738
d79c683939d0a5b8fd510906b68a710862f4cb9d,0.266157,0.969697,0.971286,0.969697,0.969738
632364c3ba2e74b688aea60682cd0adc330a1ab5,0.171662,0.969697,0.971286,0.969697,0.969738
5cdc7dd0e4b608cda89275d0d23c78d3a430cc35,0.143437,0.969697,0.971286,0.969697,0.969738
bacbe9611dde95c4a7cb8edd8fd5d02aba78648f,0.247869,0.969697,0.971286,0.969697,0.969738
3ef468a429deb35ff77799eb7cc718b214327ddb,0.235516,0.969697,0.971286,0.969697,0.969738
fcd5f8fd85ea410853ae184a14d8194992234991,0.216398,0.969697,0.971286,0.969697,0.969738
fbe83f831ec84cbfc4d280f1ec609c6b86e723a7,0.208371,0.969697,0.971286,0.969697,0.969738
00ff9ed0ad357df6382fd32c4580b90bdb7c9c6f,0.214358,0.969697,0.971286,0.969697,0.969738
acc13eddd8aa00c852e1780b020beacb17a44bb1,0.215939,0.969697,0.971286,0.969697,0.969738
c6cfce44b21d2f56cb0a14566cd411b68c052987,0.196670,0.969697,0.971286,0.969697,0.969738
fd4bbaa1fedd3e62b573822250a45025fc61acbd,0.194961,0.969697,0.971286,0.969697,0.969738
8f3985d35a1f38420fe6fb47de5a6388dd3654cb,0.123239,0.969697,0.971286,0.969697,0.969738
5f32ef339d6a0f6110815c163fb77c90a30b226b,0.173447,0.969697,0.971286,0.969697,0.969738
c34264b9e6817068b1c45c6151cca3dda46246f6,0.263246,0.969697,0.971286,0.969697,0.969738
ec8edb63e886c714120da39ae21bcde0254c6cdb,0.106721,0.969697,0.971286,0.969697,0.969738
cbb0a1b9221bec302e6837761c3d33bbe2c0a975,0.217893,0.969697,0.971286,0.969697,0.969738
5bdc5a47d73f2fbf7c5a488f44ee53bcd8728bad,0.199668,0.969697,0.971286,0.969697,0.969738
fa3f402b691db6a9f16944f332268e12436caa34,0.297850,0.969697,0.971286,0.969697,0.969738
92f6d033bd6f9a36648a7ceea82479e2a80c7fda,0.193023,0.969697,0.971286,0.969697,0.969738
e0d6767c05a8588f108f4dd55d9cf4bc885d3556,0.186282,0.969697,0.971286,0.969697,0.969738
ee8b41d3b66a3a18ada4de52016d0b4ebc09ecde,0.273126,0.969697,0.971286,0.969697,0.969738
4c03d2169328524db483ea5528c8bd78e7cedb48,0.171718,0.969697,0.971286,0.969697,0.969738
5a45d03ad516e0fc022ec4f3acf85c4d8a82a346,0.274234,0.969697,0.971286,0.969697,0.969738
d4fd5f7d5cf326a0628772c9513150af157ce30a,0.257932,0.969697,0.971286,0.969697,0.969738
64961c1eab5b8b55b776f4c2338ceec5f237fe01,0.162808,0.969697,0.971286,0.969697,0.969738
8b210aa66a658a42c2a9dbea4d816bfb45384ded,0.256583,0.969697,0.971286,0.969697,0.969738
00ba725b42db5a216fb152b2588d3bb4d149ed95,0.238101,0.969697,0.971286,0.969697,0.969738
62b7144aef2cd030a7be971497be340eee367476,0.135030,0.969697,0.971286,0.969697,0.969738
cac1865228f59e220fce12bce87f93ac8445ccdf,0.230733,0.969697,0.971286,0.969697,0.969738
6940635810b668ee6ebe97633ab4f5ccc0fa0498,0.259177,0.969697,0.971286,0.969697,0.969738
6009beb2f86c0100dfe9eb323b50492116c5e2c4,0.254134,0.969697,0.971286,0.969697,0.969738
9556b550ebebaf6f94e85dfc7d0a403d6729fbad,0.219671,0.969697,0.971286,0.969697,0.969738
edcfbb5ef16aa829b54042fc0201aa12610e5b07,0.246411,0.969697,0.971286,0.969697,0.969738
61a39cd46accce0f1f5b9dd20827e33689deabb5,0.124962,0.969697,0.971286,0.969697,0.969738
b9a4154f14503cf2d4d4da4fb6aaa1b85c6064f3,0.197109,0.969697,0.971286,0.969697,0.969738
28997f1e9c4a0d7d37cbb4e329bd268d46cef931,0.288900,0.969697,0.971286,0.969697,0.969738
345ff412b542a3060bcb8a8f43093537b0b4a3ca,0.158608,0.969697,0.971286,0.969697,0.969738
d7ae8aacac95baf0ce18fc42bf56237eaaab6427,0.177526,0.969697,0.971286,0.969697,0.969738
af84a630229da070e9f46333fd73917650ae248c,0.267071,0.969697,0.971286,0.969697,0.969738
d2fecafa7aeab0e33db418d072034643e6746685,0.384360,0.969697,0.971286,0.969697,0.969738
321fc8b5860b54e032efe14b7df17e3f09c07dd5,0.268144,0.969697,0.971286,0.969697,0.969738
72d4317525b51c60c87c9493b31119c54a2379ff,0.244905,0.969697,0.971286,0.969697,0.969738
a998e62e8687d0d480f2752b2d5a6cc7fd45378b,0.278027,0.969697,0.971286,0.969697,0.969738
e9a3722f23b8d3df009b334bd68710841e27b902,0.212670,0.969697,0.971286,0.969697,0.969738
f1692db173e82f9641be47cf3a7707ae331af0cf,0.177660,0.969697,0.971286,0.969697,0.969738
aaeadfb96a347f1309ae8eb0dec957b303d00b75,0.260823,0.969697,0.971286,0.969697,0.969738
305707398c6a0a06adb9d996c714ee4062e9bf6d,0.176223,0.969697,0.971286,0.969697,0.969738
5fba12e3b54800621193d7009743b0b1656c6d96,0.288622,0.969697,0.971286,0.969697,0.969738
cceac317e859839f784088ace3fdbd09b385c7e6,0.119033,0.969697,0.971286,0.969697,0.969738
afc07152780f3235102bd01e01c71767ef91d783,0.211319,0.969697,0.971286,0.969697,0.969738
c47200abb97e66e3d688e4f6a3b3a1d76d51cf77,0.194457,0.969697,0.971286,0.969697,0.969738
a06c42bdfca135c6c5b699d1d133945db7e0a75b,0.226458,0.969697,0.971286,0.969697,0.969738
54a730936fd9cd8edadbf47ca66132b0f6df85fa,0.210017,0.969697,0.971286,0.969697,0.969738
94a189a97c5b9e94c851ba88f422828253c65665,0.139325,0.969697,0.971286,0.969697,0.969738
02031717e546225880bf573848dc539ea927c518,0.254072,0.969697,0.971286,0.969697,0.969738
7c0319a15611519eb057279f43ccc64df2390db2,0.159467,0.969697,0.971286,0.969697,0.969738
23e118ce803446315a7b21cdc540038c6973d986,0.119880,0.969697,0.971286,0.969697,0.969738
867fec547cc70ed9b1ae7a7659539834cae13834,0.187261,0.969697,0.971286,0.969697,0.969738
4ecde1e7c70d0211ef173ca3c9051449ac2b2d9b,0.118187,0.969697,0.971286,0.969697,0.969738
732a64b3c8bc5851b66bdc99ace9bafb9f20fea0,0.161884,0.969697,0.971286,0.969697,0.969738
b25978ad4b4db2521a2f42b0fe4089aa59972444,0.252051,0.969697,0.971286,0.969697,0.969738
0f103f5e707bb35e3dc6647768fa0823554b2e5a,0.192926,0.969697,0.971286,0.969697,0.969738
ff93c0256a323b51aabc3e0533995f1f79473330,0.144068,0.969697,0.971286,0.969697,0.969738
344c78235eb74ca1b63740cd1ec80f8c0c5d3cae,0.120029,0.969697,0.971286,0.969697,0.969738
e8b2b21c324849f4391489dd95f82af50bf57275,0.186097,0.969697,0.971286,0.969697,0.969738
77710063e74dc3df374e2c48fbf28d16e44be294,0.234996,0.969697,0.971286,0.969697,0.969738
ac8bf20e3833e8ce5821cf338b15387d2a1fd7b1,0.247326,0.969697,0.971286,0.969697,0.969738
ca851cb598df940a0c6a182ad736d35f1c67ffa4,0.232850,0.969697,0.971286,0.969697,0.969738
57feef52ef2756c0f384a4d1134f416b9447a298,0.184934,0.969697,0.971286,0.969697,0.969738
04969311c2b1a2f717b6f71fb57072dba68d12a5,0.131665,0.969697,0.971286,0.969697,0.969738
cd38b37a53d739852aeed79fc81b00eea869c4ff,0.202109,0.969697,0.971286,0.969697,0.969738
4c54e871aac14eeabd52d319f81cbaf84a0ae887,0.215049,0.969697,0.971286,0.969697,0.969738
80d50d86273f18d4803a324e267730c599463da2,0.263544,0.969697,0.971286,0.969697,0.969738
2e19d2223053c1007395731f9310568a6d02bf6e,0.170063,0.969697,0.971286,0.969697,0.969738
105e13210417d78f270fbaa2940142950a9a0b42,0.197357,0.969697,0.971286,0.969697,0.969738
95ece32fc7a95455154e2ded46cb76dc8f85bbce,0.240882,0.969697,0.971286,0.969697,0.969738
816a257a7aed28b1b60b9fb84ea95e58f9a18c97,0.227522,0.969697,0.971286,0.969697,0.969738
160c9529d57fdc3eaacb5eef7192a77c0902ad04,0.157663,0.969697,0.971286,0.969697,0.969738
f86395a3e0f5a465368225825f09800646850d3b,0.133312,0.969697,0.971286,0.969697,0.969738
6168f1bc01450083184c663adaaaa55f29fd04d9,0.218199,0.969697,0.971286,0.969697,0.969738
0e98d9a5f7a76c51c73b51a22db3431e1bdebe8d,0.116065,0.969697,0.971286,0.969697,0.969738
c2088bc077584104de89e2e1c67dd5038aa544aa,0.237411,0.969697,0.971286,0.969697,0.969738
47663e1d4264ad66600f8467064af8c2077c943e,0.285077,0.969697,0.971286,0.969697,0.969738
345715e8e5a3f93171baf34d5c220443067878c8,0.158775,0.969697,0.971286,0.969697,0.969738
1d8e3f2bbeb59f6c67d93b6c94b7bc3752393a4e,0.196922,0.969697,0.971286,0.969697,0.969738
e0704078076354d69c804d5449048d6d9a09fd07,0.160569,0.969697,0.971286,0.969697,0.969738
d62f1ab551aa79c31d01007c1a552a188b185658,0.135368,0.969697,0.971286,0.969697,0.969738
30f8d4e3d66fca9892c8cd8de6e4a0c5bd4080b0,0.114602,0.969697,0.971286,0.969697,0.969738
1c04b54339c43c7cbcc1a708dc04b8fcd08dedfd,0.246956,0.969697,0.971286,0.969697,0.969738
c6cd22123bed0d1cf22c2ca82ef4dc7efb30a933,0.258831,0.969697,0.971286,0.969697,0.969738
5112d7cfadabe0d6d83f64dc8dd4e0d93ce38962,0.190032,0.969697,0.971286,0.969697,0.969738
476824a48425fba9b680559f3775a98d765d9b7b,0.285772,0.969697,0.971286,0.969697,0.969738
f41112bca9028b930a5b278bcb4ce9b76e9b183a,0.184916,0.969697,0.971286,0.969697,0.969738
075931dc6cea4003c4a0534e47e03597c477ef12,0.173240,0.969697,0.971286,0.969697,0.969738
e1ecda69b0b0d46aa66067587062b108366582b9,0.303141,0.969697,0.971286,0.969697,0.969738
ecb869cc75e947b18df00533ac2d07b9eb64d7a1,0.142223,0.969697,0.971286,0.969697,0.969738
ade11c351224ee28560c0e830c0883ec77ac8189,0.128968,0.969697,0.971286,0.969697,0.969738
138e688ea6c8c4fabcd936a5823661079cffebb5,0.196233,0.969697,0.971286,0.969697,0.969738
7ae1566ef2227160d578d1f312b40bcbf14f0bd5,0.174545,0.969697,0.971286,0.969697,0.969738
66483cf2c08bf0e73260737ae410102a338a282c,0.222031,0.969697,0.971286,0.969697,0.969738
ce2e0eff6a8f26324d68ba6b9a73be76dc7bb00d,0.238024,0.969697,0.971286,0.969697,0.969738
59df2340c762041d8a097824b0e4954863f284f1,0.155530,0.969697,0.971286,0.969697,0.969738
ceaf255190e6cb67b4ddb08fcd6e5171b591e750,0.119288,0.969697,0.971286,0.969697,0.969738
0cfdc039e15623f3d2639811678405e06aba7f04,0.150588,0.969697,0.971286,0.969697,0.969738
491ba872dec64ad7f63bbf8f2d4fe24c8c2cff73,0.249305,0.969697,0.971286,0.969697,0.969738
75217f786e0b54d5b0488ee0de82cf0a0b864ed2,0.229667,0.969697,0.971286,0.969697,0.969738
b7c9201f6b8230f0f826ef47aab43483a95a653e,0.227029,0.969697,0.971286,0.969697,0.969738
7fe51315e6ba671bb713edf09a78833fb8438a96,0.186854,0.969697,0.971286,0.969697,0.969738
14a66c031923d05e778cec9bbbb93020680986b0,0.201315,0.969697,0.971286,0.969697,0.969738
833695a2a63d90aab13dfb28f360457934341e89,0.197262,0.969697,0.971286,0.969697,0.969738
bf4268d3dfd832c97522aecf29ed4a44064140bb,0.233061,0.969697,0.971286,0.969697,0.969738
3db9bbef5c995f71e51a896f196ed73ecf99baaa,0.125145,0.969697,0.971286,0.969697,0.969738
3e9a383af669280d5edbb88377d864c8fc8711d8,0.208304,0.969697,0.971286,0.969697,0.969738
2d2c87f9379f52e4f6c3438732b01df1c9267375,0.229003,0.969697,0.971286,0.969697,0.969738
5e06d3063f51bb4cfff8280c8d2eb5bdccc2fd95,0.227633,0.969697,0.971286,0.969697,0.969738
f39c4d6860eaa03cebfb3a2a70494575136d5b61,0.191259,0.969697,0.971286,0.969697,0.969738
908e6a514529c5b433e4053b03a44957f219cf1e,0.184673,0.969697,0.971286,0.969697,0.969738
7170f3dca56bff8bdc4f192626adf0f30b76808a,0.297758,0.969697,0.971286,0.969697,0.969738
4bab78908e5de459651183306ee64ddbd90f69ae,0.228343,0.969697,0.971286,0.969697,0.969738
5b5b709fec4fddbd390a43a7841294aaf4338e8d,0.149961,0.969697,0.971286,0.969697,0.969738
8f3b9ff5b15dc2ce6c34e15c66a819c8ecefd4a4,0.225181,0.969697,0.971286,0.969697,0.969738
82185f198f1770395e15ef1ad3208afdbd148afa,0.261268,0.969697,0.971286,0.969697,0.969738
637c70038cb063c7492c381389ba606997c9faec,0.119962,0.969697,0.971286,0.969697,0.969738
6b3e17a6d308ad5ef4d32230e3a6d396882297f8,0.194408,0.969697,0.971286,0.969697,0.969738
1f799a48bff8c5c73a8964418bf9b9e82ad7e30f,0.188819,0.969697,0.971286,0.969697,0.969738
430d5dcd9138ce382f3a0ad8c84a0cbe20a3b750,0.257374,0.969697,0.971286,0.969697,0.969738
bf935ec45a274471d947271615df991bcaa64ccc,0.215473,0.969697,0.971286,0.969697,0.969738
f2fcd5ca5fadd977f65b36de3ae72ad2aaa44505,0.207838,0.969697,0.971286,0.969697,0.969738
bc16f01e240153d73456e04ebb97ae28db7e4e8e,0.219400,0.969697,0.971286,0.969697,0.969738
dfa75da35d2781a14e13ed3290d655a81299a1d4,0.215836,0.969697,0.971286,0.969697,0.969738
618a1b52e7ef7f4d7a94c4e71b6f18e3536d279f,0.202102,0.969697,0.971286,0.969697,0.969738
78a6416126e3d77d0800112fc7636755b4b48411,0.247870,0.969697,0.971286,0.969697,0.969738
e05b7958bf3644f0ce92fffe8b84ccabeb632fc3,0.114292,0.969697,0.971286,0.969697,0.969738
9d37091721eaa892199af27c8d5952d72d042c07,0.219459,0.969697,0.971286,0.969697,0.969738
9fe51825fb1df8b0bcda459e47cf9f039f5dbe08,0.194995,0.969697,0.971286,0.969697,0.969738
60f33dd9af1690d231d016423fa1859aa8f1710b,0.199841,0.969697,0.971286,0.969697,0.969738
9de3a378e06aae7885e1a1c31898ecde9c98c895,0.192119,0.969697,0.971286,0.969697,0.969738
15916daaad8aeef8e7f99d933647f2ebe74225fc,0.145746,0.969697,0.971286,0.969697,0.969738
e394ad85fec4ef56e9f803a039091aa8290569fa,0.179475,0.969697,0.971286,0.969697,0.969738
cc921d8f06b4484c719e1f61c39e2ecad16ed4b8,0.215732,0.969697,0.971286,0.969697,0.969738
d244e49928c32ca16ce359f684602d9a96096166,0.165872,0.969697,0.971286,0.969697,0.969738
11edf6864126af42209664a45f8c4e6f956f671d,0.188312,0.969697,0.971286,0.969697,0.969738
511ed6c62c82e785d29ae3c9f740d5840fbf3dd2,0.183025,0.969697,0.971286,0.969697,0.969738
c28b94dc87be9a709acad4f709e715c7de752898,0.165385,0.969697,0.971286,0.969697,0.969738
910c5195f902cb7167a626de86060603210b6489,0.188831,0.969697,0.971286,0.969697,0.969738
df4e5bad26a6ef0d93a456b33ce0b7c8082bc93d,0.201341,0.969697,0.971286,0.969697,0.969738
946daf118bc21529d2df2d1f798dad73ec0e9aba,0.212359,0.969697,0.971286,0.969697,0.969738
b1d326a01e8814f6c16caf2c600f7dcb776542aa,0.191827,0.969697,0.971286,0.969697,0.969738
a8f39778b6f73d6f482ca9caa4d238392b41ed82,0.139343,0.969697,0.971286,0.969697,0.969738
d53bb58351b4292fc52c6f6e995f1347dccd9093,0.158012,0.969697,0.971286,0.969697,0.969738
769155d9d18c157629718ac1e4c91ee5b690ba7c,0.193081,0.969697,0.971286,0.969697,0.969738
33ee23f252429368fce37a2f2b7d55a31dff1257,0.162743,0.969697,0.971286,0.969697,0.969738
f17ebac1b33e45fecb8f20e28418154f00c7adcb,0.272544,0.969697,0.971286,0.969697,0.969738
787e03d99a4466669048fae5a58a7bac61f11603,0.194588,0.969697,0.971286,0.969697,0.969738
6cd9679c99d1e2fb85ea767cbede22edbda106eb,0.188924,0.969697,0.971286,0.969697,0.969738
4d31f558b2546cccf2ddee3ba569172ed61cd166,0.274484,0.969697,0.971286,0.969697,0.969738
5a6d9116ffe2651d236c32e30377ece311ca4cd9,0.158599,0.969697,0.971286,0.969697,0.969738
8ef9ce8d95cd95d414f04288d4898956f77b7a27,0.171013,0.969697,0.971286,0.969697,0.969738
b8f6e71678f2b90904c8ba347b9d451d50a511d7,0.178866,0.969697,0.971286,0.969697,0.969738
d9dbb7f3a8dcaeedef1fb42e650acd9314330560,0.107225,0.969697,0.971286,0.969697,0.969738
d9dbb7f3a8dcaeedef1fb42e650acd9314330560,0.194114,0.969697,0.971286,0.969697,0.969738
39e7a68eab3e70e9a45392552c99658ab7144765,0.252292,0.969697,0.971286,0.969697,0.969738
b58e9d50e1a9049f8db3dfca02e23683197faeb9,0.165107,0.969697,0.971286,0.969697,0.969738
5bbf8534138751b12df7369264e287fdf2ec7b0e,0.192703,0.969697,0.971286,0.969697,0.969738
8d893587d87769367c219b850b50f59a9a806575,0.228510,0.969697,0.971286,0.969697,0.969738
9c3bbb01d54dc631c7b9bfb77bd70d0a7ca7750b,0.261456,0.969697,0.971286,0.969697,0.969738
2234464e587df664c72f310561dbcf108e2f82a0,0.248690,0.969697,0.971286,0.969697,0.969738
ce89c7ce44c419317c4cb4d4da39f3ae3f1a9813,0.179297,0.969697,0.971286,0.969697,0.969738
c66b2dcb4b62d220e49b8435731274e4c36a6501,0.264727,0.969697,0.971286,0.969697,0.969738
68d9939cf18eb64326679ce98c10e10058180745,0.296567,0.969697,0.971286,0.969697,0.969738
27acf9100de9f5f8784a731e43f629bfe78f4d05,0.257051,0.969697,0.971286,0.969697,0.969738
b8a6adb629f8044f9c771df910388f8ee56df5d7,0.220604,0.969697,0.971286,0.969697,0.969738
76a95a3a61292fb81d1a66e1ba5ce9868ba7966a,0.123971,0.969697,0.971286,0.969697,0.969738
3cfe32c39886fd0465245d3e8268c70333e4e480,0.249488,0.969697,0.971286,0.969697,0.969738
40f7ba34bd2c34692130716544e6a8a4e461ad94,0.216511,0.969697,0.971286,0.969697,0.969738
61eb1edd15bb8e2bac34a6702810842dfe42de60,0.250932,0.969697,0.971286,0.969697,0.969738
170af3f74910c72e89982c4b80531c6392e860de,0.171099,0.969697,0.971286,0.969697,0.969738
21175e3629cc0c894efa10e729ae79597f4c206e,0.145854,0.969697,0.971286,0.969697,0.969738
ea513788112c76241a7ed500db9940b53792f035,0.220185,0.969697,0.971286,0.969697,0.969738
09940a99a6a94207c251c00f38b5d183aab5358e,0.222360,0.969697,0.971286,0.969697,0.969738
cbb435559d93e55513bd52dffdbc89a8bc0519f7,0.207112,0.969697,0.971286,0.969697,0.969738
4820ae7adc6c3b4c1cb87884ac63a8190c26d090,0.268075,0.969697,0.971286,0.969697,0.969738
c953f1c99b3df293d8810eaaacc272e04773ea40,0.166321,0.969697,0.971286,0.969697,0.969738
d086bb24c844bc77e2e47d01edc869e97981508e,0.132728,0.969697,0.971286,0.969697,0.969738
317df23fd802fe9640dd35aeba897a834526a2dc,0.258030,0.969697,0.971286,0.969697,0.969738
5f86e570d8c7d51154d24828cac8f3a79ac68fab,0.179530,0.969697,0.971286,0.969697,0.969738
8d8e02076d8f06b239eccaadf3fbd4cba00e866a,0.235625,0.969697,0.971286,0.969697,0.969738
9b3abd2ee0c1112e454676417af395229f1fe5aa,0.245792,0.969697,0.971286,0.969697,0.969738
a2a2209ebf6551d61bedb7495d137cd3c847ebbb,0.119480,0.969697,0.971286,0.969697,0.969738
31524830274af245c412be650c371a7878427f04,0.152450,0.969697,0.971286,0.969697,0.969738
a8e76cc1338b83ec64395b310546372ef15a3012,0.222921,0.969697,0.971286,0.969697,0.969738
3e63ed554970edb317e210d08b60f276cbdfcea2,0.238799,0.969697,0.971286,0.969697,0.969738
a084f38160618cfb8009e6b25eeb8d566e66dbcc,0.159717,0.969697,0.971286,0.969697,0.969738
4b00058df09225a53929c081c74256d9660eb3b4,0.265489,0.969697,0.971286,0.969697,0.969738
1721c048e47422487a5445ff16270d0e067276ee,0.202542,0.969697,0.971286,0.969697,0.969738
0c7a5c3a3838bff5aa86ae7e0f34651d1e52586b,0.180558,0.969697,0.971286,0.969697,0.969738
1f710cf17f4c9132e633edfaa271fff3ce938cca,0.170213,0.969697,0.971286,0.969697,0.969738
36eb56d65766a61a1ee3076436af117cf1773a3b,0.287815,0.969697,0.971286,0.969697,0.969738
0bb99fb92dbb01f581898871e1a9a8cd2e888fad,0.116603,0.969697,0.971286,0.969697,0.969738
d9caa908b81986500b7559251139c1a3dd8b869d,0.208243,0.969697,0.971286,0.969697,0.969738
69c7ed532368cc9dfcd96f14e807ed64a58045f2,0.261402,0.969697,0.971286,0.969697,0.969738
827731e4503d6e1b0dca0ccc7396154fb49370bb,0.259995,0.969697,0.971286,0.969697,0.969738
15ea0416410d30e7388379bfa6dde7968aa3aeb5,0.209292,0.969697,0.971286,0.969697,0.969738
1dab34167e10bda286e2c10a5725e08b810496a6,0.235614,0.969697,0.971286,0.969697,0.969738
642dc8faa0c2338c89116efad048eb2c59e4959d,0.291402,0.969697,0.971286,0.969697,0.969738
6c4ecf3fb86d15810ed3a7c93ae91bde8119d346,0.203147,0.969697,0.971286,0.969697,0.969738
b4e11f3ebe1237e855ceafa15ccfaf531a17a3b7,0.274890,0.969697,0.971286,0.969697,0.969738
c07f9574c902b68744434d7b43f7394e0801d64e,0.215841,0.969697,0.971286,0.969697,0.969738
898ab690efa5e13f7dc76743cfd8edd28e94ee8c,0.186974,0.969697,0.971286,0.969697,0.969738
5ea578a19c177e7b6ccb4d4193bf33342fe261b6,0.160662,0.969697,0.971286,0.969697,0.969738
1f9f96577927c59fd8ae0f5ae57795e9117f0a79,0.190045,0.969697,0.971286,0.969697,0.969738
e76eec53b2d423229a61a8c33908ed8081e96a17,0.114119,0.969697,0.971286,0.969697,0.969738
7c53b1ec87f20b081235934bca872d0d5cf34de2,0.137655,0.969697,0.971286,0.969697,0.969738
bbb60337c26403b946fb41ca3ecd804ccd916855,0.194521,0.969697,0.971286,0.969697,0.969738
adc953323cbb41b90f3aa695ca5d6bc676f9bc26,0.182209,0.969697,0.971286,0.969697,0.969738
123c0f8c11fe273295b5f304c094e96a986c6f0e,0.200661,0.969697,0.971286,0.969697,0.969738
5b806ea408c975965be2cbe7cbbcdea2a660486a,0.220187,0.969697,0.971286,0.969697,0.969738
5c7ea3641181405599a12620cb9248512419aad6,0.197679,0.969697,0.971286,0.969697,0.969738
f0a054b5ecc788d949248e6feac93bc9f9507200,0.257039,0.969697,0.971286,0.969697,0.969738
dd6103e8ef032a30e3435d23bcc6b6fc979b333e,0.223756,0.969697,0.971286,0.969697,0.969738
a7a64316278775cf00536abea03e90678d7068fe,0.194767,0.969697,0.971286,0.969697,0.969738
7e65409bf2aca3d65eca3962f2471e7f38c32fce,0.263449,0.969697,0.971286,0.969697,0.969738
323a4235539c96fa7cdee3c0580ee52f5f989e6c,0.235807,0.969697,0.971286,0.969697,0.969738
1bb6e272df3bc7cae9db453f30546ec8c4061199,0.176302,0.969697,0.971286,0.969697,0.969738
05adf81e7c4c241ef4529890761ca0312d50e393,0.251646,0.969697,0.971286,0.969697,0.969738
3594e47e79c2a4ec77305411a50b8e6e9fbbde78,0.132698,0.969697,0.971286,0.969697,0.969738
15bee0f5820d5fc5d00e0c030c84736bfdc97779,0.191563,0.969697,0.971286,0.969697,0.969738
62a5aae7612f239d68b1d932b2b2015693fb0e20,0.202882,0.969697,0.971286,0.969697,0.969738
a089f38d535fda5fd3734173834eda3106728504,0.252527,0.969697,0.971286,0.969697,0.969738
3bf44af4f87add12549f37333f051eb7f73320d3,0.193371,0.969697,0.971286,0.969697,0.969738
80673ed07d9aba3bf9cea8253cd3bb1c20b14b66,0.173993,0.969697,0.971286,0.969697,0.969738
