version,time,explained_variance_score,r2_score,mean_squared_error,mean_absolute_error
aceaf72fcf0d018cfea7dc74cdb4770e4234cd32,0.964520,0.400580,0.398501,4.925866,1.826213
f9cbfb9bc28cf571cd203a5a850579b141fcaec3,0.113625,0.400580,0.398501,4.925866,1.826213
eb760c2598620b8b9de0642c9bf734f4eb965071,0.015669,0.400580,0.398501,4.925866,1.826213
37be658753f2f8bf914604bf7e8f286421afec7e,0.030890,0.400580,0.398501,4.925866,1.826213
7808e63b4e1fc102ae0e5dfe3c101fe277c54a4d,0.034127,0.400580,0.398501,4.925866,1.826213
2bab89b5781ca48c765fed45430aaee2b6c9d5bd,0.039285,0.400580,0.398501,4.925866,1.826213
f3cb852e54d6e2efd63640603c863f5c6d2e85d4,0.040616,0.400580,0.398501,4.925866,1.826213
b0d2771e85496dd13c7a57f9f8f33f1cf784b272,0.109206,0.400580,0.398501,4.925866,1.826213
228d91c6e84c3bba2d78917b6e9d6a5bf1685e6c,0.023747,0.400580,0.398501,4.925866,1.826213
986c43edd47a446a8f0cd4a60080b702c8ca246c,0.019197,0.400580,0.398501,4.925866,1.826213
01f71f7ef3d2362544c6e1a739f4c9da4b1de98e,0.019473,0.400580,0.398501,4.925866,1.826213
ba711087078b1487481cb41a086b9d2a51a3eb9f,0.047758,0.400580,0.398501,4.925866,1.826213
5ecb141d85120e16f142d622d568b587067f026c,0.054798,0.400580,0.398501,4.925866,1.826213
6ccbaa568fadb3cc53cb33c5f531a3588148e452,0.035934,0.400580,0.398501,4.925866,1.826213
2f5b368eecf36f53f9eaa08fdda3322b69e8e083,0.032763,0.400580,0.398501,4.925866,1.826213
9c5a37bdee6644c93fa15d03a21e22397df9efb6,0.038815,0.400580,0.398501,4.925866,1.826213
7719b37eb86ca188e015d4be2920b755968039db,0.025615,0.400580,0.398501,4.925866,1.826213
235f274d14f09a589c594d7bf367eae1406840a6,0.046439,0.400580,0.398501,4.925866,1.826213
8a8c6ebed308047b49d24e169f71113ed51d24c5,0.035110,0.400580,0.398501,4.925866,1.826213
78f64c54d8270b8fbcfa18e2ae4129fcf6174721,0.016156,0.400580,0.398501,4.925866,1.826213
d6dc36b27e4a16d77ac4c78d2b45a0ce36ba1140,0.030353,0.400580,0.398501,4.925866,1.826213
e5fb9e9a448f6e6a63d710d0cea047d43fda552f,0.017012,0.400580,0.398501,4.925866,1.826213
432e7a4e128f379004a141b580e8e85db9b8edeb,0.056383,0.400580,0.398501,4.925866,1.826213
f57d25495f12f909f73fe3bb6b509791d110232e,0.031575,0.400580,0.398501,4.925866,1.826213
b623aa00656ce39dbc3c3c462c2f6c6e1d6401a4,0.004413,0.400580,0.398501,4.925866,1.826213
600f685022af440b2463c2d288832c17be6a7ce3,0.037107,0.400580,0.398501,4.925866,1.826213
7a8b4f29ac3567f63ec9f83aa14fdf245dabc6e1,0.057547,0.400580,0.398501,4.925866,1.826213
df8adf0c4a7308dce78e4ebeb44f1bae16f9684d,0.074166,0.400580,0.398501,4.925866,1.826213
83f693f6620de6ff70434766011d3113fdc42f06,0.056850,0.400580,0.398501,4.925866,1.826213
ab23e22fd0c508027c3f85ec3e3186f2d3da5d89,0.019685,0.400580,0.398501,4.925866,1.826213
6707fecb0aaf37a0de444b837d6dba1a9c08eb80,0.016173,0.400580,0.398501,4.925866,1.826213
671f304ac6ff1a65cf4a744e716647967621857e,0.082123,0.400580,0.398501,4.925866,1.826213
b2dac63febc7a99f38f1f0548eb17ad45bd13499,0.034147,0.400580,0.398501,4.925866,1.826213
59cdcc748bd72e7edbf39f55e482f1e2d3ea9ac9,0.064238,0.400580,0.398501,4.925866,1.826213
9ad004f5173692a0bf64874c9c4355617ff7641c,0.063626,0.400580,0.398501,4.925866,1.826213
03a4e3b38d321f1ba4b574f4092d183066ddafaf,0.041537,0.400580,0.398501,4.925866,1.826213
86559e55f6b11baeb2b259062c8c82b204447701,0.018372,0.400580,0.398501,4.925866,1.826213
90a9ae6e303886f38ac4327164aca2f390604ee6,0.032366,0.400580,0.398501,4.925866,1.826213
33aca24fc8acfb070aad4b1abd0fb590d97c88f1,0.040192,0.400580,0.398501,4.925866,1.826213
0f8b3c2097bab34fdf8dbf1802e9afc902473525,0.041636,0.400580,0.398501,4.925866,1.826213
8226a986fc462a7bb103e573f53bcdc20875250b,0.015650,0.400580,0.398501,4.925866,1.826213
29c092d70682d8099608ac292216112612c56870,0.035090,0.400580,0.398501,4.925866,1.826213
bc18af34bdc80d85854d302c448f52bdeaffcdb0,0.107280,0.400580,0.398501,4.925866,1.826213
9fe13b322f521c518e4dcbf2b156f69ad2a006c4,0.020877,0.400580,0.398501,4.925866,1.826213
68b7ca32cc20926311fd2ed7de9faa936778e299,0.029705,0.400580,0.398501,4.925866,1.826213
826443e90cbb5f0391e784048ca47ddcdd60b664,0.076250,0.400580,0.398501,4.925866,1.826213
8232d49f3d0a654a3ed008ee772532bdac42dd15,0.044599,0.400580,0.398501,4.925866,1.826213
cd277094402f4cfe5feaef7c78a3ad0fbf6d60b7,0.026304,0.400580,0.398501,4.925866,1.826213
708b61a980ad97fe0a69d0ab8a264a57663171f7,0.022484,0.400580,0.398501,4.925866,1.826213
2e0857aeacf86fa4c670d3b3b94e4923f1ecbd7d,0.011125,0.400580,0.398501,4.925866,1.826213
b0f221ac36820a8028520660b2d69c5e3b46ede7,0.015508,0.400580,0.398501,4.925866,1.826213
f85e7be8c5fcec6b5bf394f55f4d688c03d7418b,0.012700,0.400580,0.398501,4.925866,1.826213
0e74917afde75596995cd44b43d78f63ac3d16b5,0.053757,0.400580,0.398501,4.925866,1.826213
f116314f5cf58d1c780be1ee2e6b59779834c269,0.047817,0.400580,0.398501,4.925866,1.826213
617d73191811e8aa9b8fb1c6c3cde13e5e7e66e7,0.061275,0.400580,0.398501,4.925866,1.826213
fc91c53e08fb29683122dceef163509a94c421b8,0.013654,0.400580,0.398501,4.925866,1.826213
872e70d9b715be074aa761cbd9c40e29afd64d4f,0.033277,0.400580,0.398501,4.925866,1.826213
f1f6feeea95bebbedf24f383ba3191fe65b5cace,0.029578,0.400580,0.398501,4.925866,1.826213
74b95bb865dd9b2aa9567cfad13bd379399ce2dc,0.049663,0.400580,0.398501,4.925866,1.826213
1dab0e1ec1929f3330a93cd4e2a1f268e94f1c7d,0.036624,0.400580,0.398501,4.925866,1.826213
ea4db67c4d77a14f121f6446c325abbcc5ea6f1b,0.062810,0.400580,0.398501,4.925866,1.826213
6af9b0106e670d4ff980a6c0120b327d60723bb8,0.043412,0.400580,0.398501,4.925866,1.826213
7cf021ba4be46b65298fd2ea67b1ff353c541561,0.023302,0.400580,0.398501,4.925866,1.826213
760692ef5e597035967a2217a5fee2454bfaaf7a,0.085041,0.400580,0.398501,4.925866,1.826213
16f0864f1288e504095cbcfecb7fc6394d5184a9,0.028797,0.400580,0.398501,4.925866,1.826213
1fdbbfb44b94d18a6bce1527285ae4580695e381,0.022614,0.400580,0.398501,4.925866,1.826213
1d015344b1b82758bd8f3391f9e0fbf0bd9052f0,0.025166,0.400580,0.398501,4.925866,1.826213
57a90f8dcfd30379855a71090ae97fb229709ac7,0.047704,0.400580,0.398501,4.925866,1.826213
5fecb537e9418005b1e7b28f86b3790908039bed,0.023462,0.400580,0.398501,4.925866,1.826213
2cf1ac744944be54126e225d9a42f65fe9280618,0.019474,0.400580,0.398501,4.925866,1.826213
511c37029fbf8f335ce665b22ed27f337b08a099,0.036225,0.400580,0.398501,4.925866,1.826213
b03be4bedd31a9d0235b30a36143355b6290b1b2,0.040234,0.400580,0.398501,4.925866,1.826213
b5d22827b0fd7b3e4ca2621c55e7148291e146d1,0.056169,0.400580,0.398501,4.925866,1.826213
c9aecfb7c40ad5309ed8958dc4adc8fd6295c47d,0.023449,0.400580,0.398501,4.925866,1.826213
116dc6e4e684866cfb39ae37cb1d98540cbcca38,0.020867,0.400580,0.398501,4.925866,1.826213
b5be2cecc85642309f782e2658a4e2dff7280604,0.092452,0.400580,0.398501,4.925866,1.826213
0ebf87bd2ff8e930a3206b842118c2747f3cc9d0,0.013006,0.400580,0.398501,4.925866,1.826213
bd13d215811fb9fb10f41c2b3a51db0912674761,0.010246,0.400580,0.398501,4.925866,1.826213
874e2bdfd4d281a47844e094f1c09238435c4c60,0.041408,0.400580,0.398501,4.925866,1.826213
5b492d3d264a2c1ffd3ae5264f65b438a6081fc3,0.019082,0.400580,0.398501,4.925866,1.826213
60971cdc75b245bd100d66652e2643fccddb170c,0.021230,0.400580,0.398501,4.925866,1.826213
6bdc90417c9d0c0af86c44fc94eece781d2a4732,0.011974,0.400580,0.398501,4.925866,1.826213
4e46115bca9de97511b785f2305d106d988d35bd,0.024122,0.400580,0.398501,4.925866,1.826213
3a6e490e051d9aeca27d89fc52a7ea9b782a0317,0.022972,0.400580,0.398501,4.925866,1.826213
96d6060cd7ac241575b11e072c49d705f3b6983d,0.079640,0.400580,0.398501,4.925866,1.826213
5c6ea0c1e228dabdee1d7e380c00e0a774251471,0.037198,0.400580,0.398501,4.925866,1.826213
7f53024ae9eae8cd838372efc893befc329a49db,0.011357,0.400580,0.398501,4.925866,1.826213
1006a65b4702ab85cc295de1f9af9cc5484d2545,0.064944,0.400580,0.398501,4.925866,1.826213
1725ecb090d8f8fc4f3dd62e041b396cd5f0456d,0.014864,0.400580,0.398501,4.925866,1.826213
18f4e56ed047298ece22f4c14c66e9609c632acc,0.040368,0.400580,0.398501,4.925866,1.826213
75af0615d725216700254681eef4aa87367944f6,0.006692,0.400580,0.398501,4.925866,1.826213
3a67aa0ab53e4186ff280822a7fe2a63744b28ed,0.024851,0.400580,0.398501,4.925866,1.826213
0cf16dc7bedbcf35274c246f3499a9267c8774ce,0.039498,0.400580,0.398501,4.925866,1.826213
ce00c68f488ba07a541fabd9ccbda9d5ff99eebe,0.030064,0.400580,0.398501,4.925866,1.826213
c730edc9c8f842667b1b82441ca0a36c6aa01422,0.012664,0.400580,0.398501,4.925866,1.826213
873b13dc4bb814ff8cd2c7de2d63ce6540c35062,0.034790,0.400580,0.398501,4.925866,1.826213
122e8b4ba3f87a324943e2af6e68908f7fec42c1,0.036847,0.400580,0.398501,4.925866,1.826213
ae143a733eb6a8c1208c647cefa908ac5dcd1cac,0.037405,0.400580,0.398501,4.925866,1.826213
955fdf8e1655c18aa16b7949226909c656503d71,0.014793,0.400580,0.398501,4.925866,1.826213
61c2ceea90a6229681c91d0919032b81d36a182e,0.024193,0.400580,0.398501,4.925866,1.826213
cd161e277dbafd198bc1f9959116d337c37b6fbd,0.013045,0.400580,0.398501,4.925866,1.826213
26a793459e8881acd7efa0539ea29c7efc6369c2,0.011772,0.400580,0.398501,4.925866,1.826213
6c17d0d8af489e73f2399b838c372f232c89e152,0.025677,0.400580,0.398501,4.925866,1.826213
ccb7493e87aa547c506e0083208132826600b799,0.038249,0.400580,0.398501,4.925866,1.826213
e087daf585639ea46712ae01241f749ec3e6ed90,0.017368,0.400580,0.398501,4.925866,1.826213
355a51c5570a82cc7cc2c250e52b50b7838b1f2a,0.036033,0.400580,0.398501,4.925866,1.826213
1382b2649c91ea42edb9d0f2704923c26cea9ef3,0.056530,0.400580,0.398501,4.925866,1.826213
512c9116f2a617a0d39372d17775126a6225bc7d,0.043351,0.400580,0.398501,4.925866,1.826213
d0ac763f2ed24d671422a3e825720e3319e9c28c,0.039257,0.400580,0.398501,4.925866,1.826213
9420b60cf56077e1fba4341df0017932d7556037,0.020867,0.400580,0.398501,4.925866,1.826213
a255ed9fbefe91148b6226bb25d376c1c23a58ce,0.040388,0.400580,0.398501,4.925866,1.826213
2ff74a3234f2395f692aba91c8c15dcf9bc52891,0.019632,0.400580,0.398501,4.925866,1.826213
6abd1c3b740e1fc11e5365f95240c2c9e25988c2,0.034884,0.400580,0.398501,4.925866,1.826213
de202d7e7aa164a284d15a65cb3d2b5e34467bf6,0.059498,0.400580,0.398501,4.925866,1.826213
089c02c4fefee6fafd30a72a8b3e4b3d2bee1026,0.040508,0.400580,0.398501,4.925866,1.826213
09d8090dedf005f4611b74080c20a50ead837229,0.015878,0.400580,0.398501,4.925866,1.826213
1aa10eac4d3d9136f898dbbaebb5c24cd20857bc,0.030258,0.400580,0.398501,4.925866,1.826213
af93a59950c519dfa1bf4508025409e4a4e8a7fc,0.047696,0.400580,0.398501,4.925866,1.826213
5be18b4eff779c1d10d17ea51b7694cb2a45eb54,0.045529,0.400580,0.398501,4.925866,1.826213
1a78610a56f2311d33e39384d2fc72df65521c51,0.043027,0.400580,0.398501,4.925866,1.826213
3fff2563bce9c2608e3749734a44c0e3ace3955b,0.031922,0.400580,0.398501,4.925866,1.826213
d3954a390e035a2b9895b15991bf840ee46f429d,0.027679,0.400580,0.398501,4.925866,1.826213
0ced7a60f26a66107990a493020f6be23dcc7155,0.029160,0.400580,0.398501,4.925866,1.826213
9e2115697644f4ee4822cad1e37f2353d9d5dff0,0.033463,0.400580,0.398501,4.925866,1.826213
54a11a00308d7c22992f9f3302e05b45d3b773a1,0.030704,0.400580,0.398501,4.925866,1.826213
a830ca7fe9d8bf9ccf8db36a16bb04d15fcdf5f7,0.012440,0.400580,0.398501,4.925866,1.826213
a965318dbf815806389023d6a4eb8bb76bab99ce,0.019672,0.400580,0.398501,4.925866,1.826213
aad9a42a6ebaeccf2fd47d44b6d574650e936f7c,0.043768,0.400580,0.398501,4.925866,1.826213
412970a780c32b81178a97333a24b5bd26e774d3,0.019692,0.400580,0.398501,4.925866,1.826213
2826ac7b72ead019e1f30bd5f7a2d0465b9a2100,0.019098,0.400580,0.398501,4.925866,1.826213
b4d4a9fc66d922a261cb89b6ef1da5e24e309ca6,0.029584,0.400580,0.398501,4.925866,1.826213
6a37e47983059129f62bfb81194b6a6c58bf8f78,0.035696,0.400580,0.398501,4.925866,1.826213
2108fcfa6f1410c4f423072efedb8eaa6ebf5cd5,0.100706,0.400580,0.398501,4.925866,1.826213
38f78a0b0fd338de037ced79a70ee0f69ee0cc43,0.019427,0.400580,0.398501,4.925866,1.826213
6155c97b1b5bdfd624cc6ab5ece48032069d0d6e,0.020197,0.400580,0.398501,4.925866,1.826213
aba3020ead3b0b79e4a442342d3f3d989cbf77d4,0.015652,0.400580,0.398501,4.925866,1.826213
ed34ad6335b533cb5201a955ecd1def04d2651b3,0.042663,0.400580,0.398501,4.925866,1.826213
d38e3a74a179a4fc9e80792b05ad409e6ba18fc7,0.029935,0.400580,0.398501,4.925866,1.826213
87a85c189a1defd374d98b97c6f0df04647e5a28,0.038742,0.400580,0.398501,4.925866,1.826213
97bf1ad1a831c21ce441e1d37e248684152b4994,0.059332,0.400580,0.398501,4.925866,1.826213
2da4474b8d5e31d6bbc737aff4e0be950c92e471,0.031237,0.400580,0.398501,4.925866,1.826213
8c6cee21296d1ad87f7e8c3d1b1d3e1eeb6460ea,0.046702,0.400580,0.398501,4.925866,1.826213
b32253947895792d2632f25abf297c64d7568887,0.011662,0.400580,0.398501,4.925866,1.826213
ac5b12223b33b1e5c2ecc74ca3ff40fe634b6f9f,0.035458,0.400580,0.398501,4.925866,1.826213
e3163ed18d9417e4397bebacfaee414959765708,0.046509,0.400580,0.398501,4.925866,1.826213
c90571b0a8591b1a7c23e3055663d22a776b9e41,0.031885,0.400580,0.398501,4.925866,1.826213
6e619e22bd51519509a9d7994612be596fe57737,0.064554,0.400580,0.398501,4.925866,1.826213
ba475b1995a7eb1290a6cc365fb13229d1f582dc,0.035412,0.400580,0.398501,4.925866,1.826213
18a70f7e9987abef8ab7b91fea487c806d910bc0,0.051985,0.400580,0.398501,4.925866,1.826213
400093f095de716301c2df7a376423d08a6bf136,0.018898,0.400580,0.398501,4.925866,1.826213
fbab710d9d4872b3fbb2e279c048cc989bdc2dda,0.068004,0.400580,0.398501,4.925866,1.826213
58329463276017445806f35ffe6a570d30bdf7fa,0.018804,0.400580,0.398501,4.925866,1.826213
216a0122b2c420ff49c20f036c9db37a3fb644e1,0.044659,0.400580,0.398501,4.925866,1.826213
f29b29a02e9d097bd144f3a1b727b6bf7751e868,0.051729,0.400580,0.398501,4.925866,1.826213
0ce0f3296689253beec48b1ec66d1a389e3b3063,0.010982,0.400580,0.398501,4.925866,1.826213
cad0ee07f8ee182303de1eca5d9ad63e3bf38683,0.055458,0.400580,0.398501,4.925866,1.826213
e705d941cec55760683ad104f3f7edc40084947c,0.023836,0.400580,0.398501,4.925866,1.826213
8f3c2c8ce7ad452b4efa9307cb4a33267fc06d8c,0.023172,0.400580,0.398501,4.925866,1.826213
71599e5ab91a8d9f7951799de966968a5b10e756,0.032010,0.400580,0.398501,4.925866,1.826213
856c56d5d1facc204a121d04e7a3cc06b602568c,0.054744,0.400580,0.398501,4.925866,1.826213
e4a7eaf3387bb8b08c014c401a43c838ed5487e1,0.047727,0.400580,0.398501,4.925866,1.826213
0763ee8fd08fdf4dbb3a9cd22d256fa188c26003,0.037996,0.400580,0.398501,4.925866,1.826213
9dac9c96b61f59e6ff36dce9c7b7cba3e6266f1f,0.072220,0.400580,0.398501,4.925866,1.826213
17afd07fcfedb61186213c97b43ad0fd3e3af00f,0.042465,0.400580,0.398501,4.925866,1.826213
3530efa555c9c451018bb189372e93c29e421b0e,0.004669,0.400580,0.398501,4.925866,1.826213
d7d99d93ff5e3bb066646e00cc8b0c7e6b3db4e1,0.004199,0.400580,0.398501,4.925866,1.826213
8ad077dcbbc9292e2813bbf34fa5b3d69804c773,0.038974,0.400580,0.398501,4.925866,1.826213
65a47a9741f2b371db318d27b0d0b50750c3aa92,0.019074,0.400580,0.398501,4.925866,1.826213
3d2ea0d3e6d49be8acd57ed06f20d9e0ed318695,0.039329,0.400580,0.398501,4.925866,1.826213
75c30c6db2626564081238a6b26e6df646eb8bba,0.025971,0.400580,0.398501,4.925866,1.826213
df4351d4bec2507a4c9d61160f5cfcbe5c5d4972,0.029547,0.400580,0.398501,4.925866,1.826213
572a7e367555d5d2869104c2871328978064649a,0.039993,0.400580,0.398501,4.925866,1.826213
8f7cfdf25971d87989f001a586388f4b870c4064,0.041175,0.400580,0.398501,4.925866,1.826213
9970fe2aa8900333e002771d1934ba8d1dac092b,0.066293,0.400580,0.398501,4.925866,1.826213
ad53ecd6577cff3b71fce7439c95ef91fc7e7308,0.031498,0.400580,0.398501,4.925866,1.826213
4b8b9fd4a48e56e28b3bcddb88ef7010c758e3e2,0.022028,0.400580,0.398501,4.925866,1.826213
5c7b3f2a96c2de5a4bc814a8dba22ada9571f423,0.014873,0.400580,0.398501,4.925866,1.826213
b791792fea1837c608c4577dd02b51f9c33c3bf2,0.034103,0.400580,0.398501,4.925866,1.826213
0d8efb7b1dd405b8d7c67e091c0eb9b9e813ed2f,0.032237,0.400580,0.398501,4.925866,1.826213
959dee2b302fc87208543fd0457c85af62bdc31f,0.102727,0.400580,0.398501,4.925866,1.826213
5ebcd59a38db8848268a8ac1bfc57a608458e3d8,0.019933,0.400580,0.398501,4.925866,1.826213
d3533317eb10c39e5f619f3c7b4a9b9a1ebfb189,0.062997,0.400580,0.398501,4.925866,1.826213
c85c89068b1cb82437fec6c18681641381bf9ccb,0.021463,0.400580,0.398501,4.925866,1.826213
924c856bb5f22f961f4df12e8fc4d82ef7ea8ad3,0.012038,0.400580,0.398501,4.925866,1.826213
16ef9008101e130e50c3ec81e5a6ba8b3e9b8c8f,0.027560,0.400580,0.398501,4.925866,1.826213
0083db36e47ba3d6b96cda691cb458ba97c4975f,0.004617,0.400580,0.398501,4.925866,1.826213
8c396d872aaf85c689cf8247599586b0f81f0740,0.023314,0.400580,0.398501,4.925866,1.826213
e65bca14939d2412022a8864454c3894b5cf7c85,0.050928,0.400580,0.398501,4.925866,1.826213
dbbdbe40e62d8287678f9ba3a6bc2a1bcb9e3010,0.017377,0.400580,0.398501,4.925866,1.826213
e2a4a98a227043a18e786fc252f2e3b65520034e,0.061157,0.400580,0.398501,4.925866,1.826213
91ae12b18221e22c6c93a5ba32931c31610f3566,0.093817,0.400580,0.398501,4.925866,1.826213
30cdbb8da7064b3112867901d24e07fb65a79b90,0.034454,0.400580,0.398501,4.925866,1.826213
00f2af5224a36d091033b1445ffb4225353501d5,0.005070,0.400580,0.398501,4.925866,1.826213
7f5a9ba255750ed714bda6bd20adcefd715a7a96,0.031246,0.400580,0.398501,4.925866,1.826213
0a8b6e51f3afe61ee754c4d894f0a130748c44b1,0.056305,0.400580,0.398501,4.925866,1.826213
ea5d8e8f77d1dfec37ce404881e11d54c959e7ec,0.047216,0.400580,0.398501,4.925866,1.826213
4a78deaa287ee5bb91c77396dcd0c19c6a196b5e,0.034147,0.400580,0.398501,4.925866,1.826213
16a2f6d8011e36528f03cd899ec823600cc4e2f9,0.031965,0.400580,0.398501,4.925866,1.826213
627bdabeebad81379d09424fa5d38e1900157e08,0.031184,0.400580,0.398501,4.925866,1.826213
b1a41dca4416bdedf4b7aa1fb130e192ebd131f8,0.014521,0.400580,0.398501,4.925866,1.826213
d819ebfb2e230ef427a6235826bf57286dfcbbad,0.019491,0.400580,0.398501,4.925866,1.826213
c57fae8505fc58d9a3c8961227368a7e86422a56,0.014522,0.400580,0.398501,4.925866,1.826213
cb629ec070804d7cf0063796778720390a269598,0.040390,0.400580,0.398501,4.925866,1.826213
07b369004452a976edb0f461a987cc8fad765079,0.017538,0.400580,0.398501,4.925866,1.826213
2cbcc1e81327e477ef7bace9f60d3cafe8f6e5b6,0.004647,0.400580,0.398501,4.925866,1.826213
ea2daf331fdcab17f5f15a63277902d735828821,0.016948,0.400580,0.398501,4.925866,1.826213
8197ca32066efb21974d33a9e4b9d9e59bb35456,0.030019,0.400580,0.398501,4.925866,1.826213
9784dfd62edb81be6a566308079152c95df04a95,0.009920,0.400580,0.398501,4.925866,1.826213
ff4ca1c469cb34875955ed01a9b1ee40fba60c8c,0.037324,0.400580,0.398501,4.925866,1.826213
2998a7cc043a162224c50f39d34d5a513a320dfe,0.039863,0.400580,0.398501,4.925866,1.826213
2654a4e5a5b2c36e1230fa7053f0ad04482ac80e,0.034018,0.400580,0.398501,4.925866,1.826213
ff7e187baaa69ae7b84fbd61af2eacb4689ec133,0.035260,0.400580,0.398501,4.925866,1.826213
86f909d0d335b3285e379ace90d8a71c217a287f,0.067147,0.400580,0.398501,4.925866,1.826213
a91b89a8939a7ce09fe7456459019c027d9df5d1,0.051036,0.400580,0.398501,4.925866,1.826213
b5a61915ccb9aeaf9f4bf5aae57ebec887648fdd,0.036959,0.400580,0.398501,4.925866,1.826213
763af613d67d27e156ab95addd11040828e6e21a,0.036007,0.400580,0.398501,4.925866,1.826213
560c7e044e537d617be3b58a71afe36936af6079,0.027097,0.400580,0.398501,4.925866,1.826213
9944b0d133aba84f2679bc657b065b9b5475dc7c,0.050537,0.400580,0.398501,4.925866,1.826213
3fc6f142d4b0461e65a1d960ba68e5df2eac04fe,0.030565,0.400580,0.398501,4.925866,1.826213
ef6a563f2581947cb972e7400d31f4c226b94152,0.024493,0.400580,0.398501,4.925866,1.826213
0b0d8d1443f137353b9ed65fd7d0913b47cb6cac,0.011062,0.400580,0.398501,4.925866,1.826213
c8fbfa6d640a6df0803f4694c08b34b41df21e7f,0.047765,0.400580,0.398501,4.925866,1.826213
6628bc887bdf0e59c297b2c8f7f6999e4ed20ab1,0.053990,0.400580,0.398501,4.925866,1.826213
51b6dea96b33d8040c04c7e588d5fc02967f5c11,0.051652,0.400580,0.398501,4.925866,1.826213
2ac0b0229848976586c873fa3e111ca0e4a44095,0.005127,0.400580,0.398501,4.925866,1.826213
7dc1ea07f7b621ce7a5cff445fec6b8767f25706,0.011533,0.400580,0.398501,4.925866,1.826213
c4decfbd97d1d208cf81d7c3d21bca2ace86a041,0.107516,0.400580,0.398501,4.925866,1.826213
b8085fefaa8fd5a64817267d44452a940a5830df,0.004245,0.400580,0.398501,4.925866,1.826213
d32a22002422222932c3cd159f6fbafd31e18c94,0.041191,0.400580,0.398501,4.925866,1.826213
cec10b793e2f657960a103bd7609e2caa74dc87c,0.041711,0.400580,0.398501,4.925866,1.826213
738891562cf65b26639f5d2902b92f8fd02fe955,0.029338,0.400580,0.398501,4.925866,1.826213
e51ceb17bbd1a1fd57868ab679a2be2b00948d68,0.025627,0.400580,0.398501,4.925866,1.826213
28f947d86c6ce216b9f4bcf2a721e91f38ce0a9b,0.029538,0.400580,0.398501,4.925866,1.826213
fdd73cf1147948d2284dd952f7f09794d132d4b2,0.027035,0.400580,0.398501,4.925866,1.826213
1f3262d112e9b7be0df46618eaa0ec9f6a75f862,0.023822,0.400580,0.398501,4.925866,1.826213
a2774a2f38b78f00974c83599553cf6a7195870e,0.030438,0.400580,0.398501,4.925866,1.826213
3f330f2967288775d24ee3e03c62451f350700c6,0.024006,0.400580,0.398501,4.925866,1.826213
a14d46d0f7e6f5281c0df5d567877541dacee463,0.013125,0.400580,0.398501,4.925866,1.826213
d530fa13f1527976b05c9c107a87606ddfc914b3,0.027652,0.400580,0.398501,4.925866,1.826213
13e69177ee51a6c026e3f4e60d390ace99ab6239,0.063616,0.400580,0.398501,4.925866,1.826213
486cd551f8aa6c58afd157d1df6b2b1e97f1a2d0,0.077486,0.400580,0.398501,4.925866,1.826213
e33d9558bf901e498fc3a649e28361d098283e07,0.039484,0.400580,0.398501,4.925866,1.826213
39771fa4535528e820092316f087838f2a35e890,0.041132,0.400580,0.398501,4.925866,1.826213
a25d6110523aa98b60052fdbb458edafca57201e,0.057220,0.400580,0.398501,4.925866,1.826213
79ad277714bb0b314bfb7d09e2d58675c0711f58,0.016871,0.400580,0.398501,4.925866,1.826213
23f12cb44a3a3698664ba4391f26d2661b2ae7f0,0.032342,0.400580,0.398501,4.925866,1.826213
e9982cd3c70241eae347f4aae85e5e863048ba6f,0.011702,0.400580,0.398501,4.925866,1.826213
7a8e3d86d89fc0ea11fabaadf94f8d9accf5af49,0.039911,0.400580,0.398501,4.925866,1.826213
761eb3e4c799170ba357bd6f48efe989a61486e8,0.046603,0.400580,0.398501,4.925866,1.826213
5959e7a45bab98049446cdc0e39c5d36fbba2bdb,0.067795,0.400580,0.398501,4.925866,1.826213
44e9baee1c8427fdab5f2f2e218b5c380fcd8877,0.005238,0.400580,0.398501,4.925866,1.826213
6f3263f569ceebbc0bbe48d4ef8c4a4a23e5844b,0.042690,0.400580,0.398501,4.925866,1.826213
48be6424179b8e4072c7de8a76c5f841508d4a34,0.005320,0.400580,0.398501,4.925866,1.826213
7525923d137aa98b1f6d2b9fcd988ef285172164,0.037175,0.400580,0.398501,4.925866,1.826213
7d5c7468b4d44d09d95942cd240ed9b9308220b4,0.100140,0.400580,0.398501,4.925866,1.826213
972de6d45204ac2125017ac81020a19585f2d3aa,0.031866,0.400580,0.398501,4.925866,1.826213
e40cd691e41e177913cd043da29fc233fb1b32fa,0.031316,0.400580,0.398501,4.925866,1.826213
1dede238e47a20d34a4ac6b39df9bf4c59157e70,0.027157,0.400580,0.398501,4.925866,1.826213
31a47b2530fb20e2529d5d60fe46efb27767b9ea,0.015413,0.400580,0.398501,4.925866,1.826213
3df081510deaa202bfd91748ebb362608e6c79e5,0.059911,0.400580,0.398501,4.925866,1.826213
a6655c561a8bee2ec3e096a196f79ae10d11a97a,0.018812,0.400580,0.398501,4.925866,1.826213
5bac1258cd5b4e0695926b47506020291734d31a,0.029965,0.400580,0.398501,4.925866,1.826213
933c370b329f26aff3f4d47055ecec310f11d82c,0.054161,0.400580,0.398501,4.925866,1.826213
f1c543f1287ab725f86db307d1e400637b75eaee,0.008242,0.400580,0.398501,4.925866,1.826213
a831a89f27e5df6a465a3097086f2c6c5ae09a13,0.012864,0.400580,0.398501,4.925866,1.826213
8380710fb34ce0dd5a4c29ae4979c41dd982ff93,0.025248,0.400580,0.398501,4.925866,1.826213
d111fe2355b054000e0913ee30e13ea84577405b,0.025589,0.400580,0.398501,4.925866,1.826213
76198945e00d43f54241592792e5141e6fda3f16,0.013273,0.400580,0.398501,4.925866,1.826213
c6ee39b8a44a4ca9e2fda6a17c5fe416f7336035,0.049316,0.400580,0.398501,4.925866,1.826213
ab513173f8ea4a8e0f5af552fe51f77e98469769,0.050664,0.400580,0.398501,4.925866,1.826213
84c775f67a960cec8e7c1d0929638e5619f070e4,0.043852,0.400580,0.398501,4.925866,1.826213
94b4db80e24d8e8de0c42e333b7405f0a9092df1,0.008516,0.400580,0.398501,4.925866,1.826213
233d3f2d4aa0243e13640be120e900a4b6d0a6bd,0.008583,0.400580,0.398501,4.925866,1.826213
3f7cec39997e28b4056bdea4fd04572cfaad0080,0.024828,0.400580,0.398501,4.925866,1.826213
e4c41ceaad99f6b79d8dc09d146eb9075ac5f19d,0.095844,0.400580,0.398501,4.925866,1.826213
117be7e25b8b9b7fbc99dd35c14dc49a3cee2d29,0.004843,0.400580,0.398501,4.925866,1.826213
c1003f47f539c44740377cd61b3891c47294eec6,0.006686,0.400580,0.398501,4.925866,1.826213
51fd2bb82d23139391c166fecc4bfd0d290f3fc8,0.034043,0.400580,0.398501,4.925866,1.826213
9c0e7b6844aad561f4ba11eb04eb15dc05e06b26,0.011180,0.400580,0.398501,4.925866,1.826213
56b3a3ca33f23410bfc71824cbd9477de99d063d,0.046234,0.400580,0.398501,4.925866,1.826213
1648c2163b556f8a3278f893b24edadfa1383e19,0.041625,0.400580,0.398501,4.925866,1.826213
9a43b0382ce147fc8a33fb171693f2f90063d380,0.019347,0.400580,0.398501,4.925866,1.826213
a646e9ae1d386c34407888fbfd99cc7649ec5f65,0.019230,0.400580,0.398501,4.925866,1.826213
6e7fd21d29fd31b94ae7c980be8a284f2ea9bab1,0.004880,0.400580,0.398501,4.925866,1.826213
7fdd8df8fd31a6b9796c2e86fd25dbeaa533d838,0.011986,0.400580,0.398501,4.925866,1.826213
aac994badd913046e498bfb3c0f9ac90fb04ed00,0.066677,0.400580,0.398501,4.925866,1.826213
04612b54bf663bf6bd25f692982595471fe0c28e,0.055158,0.400580,0.398501,4.925866,1.826213
3e6fd74aeb57118c058bd00cc6430a3afcff3e98,0.038630,0.400580,0.398501,4.925866,1.826213
66d462f9ef2782a7368766d388e6cd73e805c362,0.012506,0.400580,0.398501,4.925866,1.826213
494fb029cbcdcce9bf4447b224f88e647d6557e0,0.035057,0.400580,0.398501,4.925866,1.826213
8975e8c63ed90a1c13c22a4f922a735b6e9f8408,0.033101,0.400580,0.398501,4.925866,1.826213
f4b6f45af481c236c974662a8cdf7116c6b11d41,0.028430,0.400580,0.398501,4.925866,1.826213
5dc60bacaac571f8a9daa26ec1faef1bd41b3f6e,0.040152,0.400580,0.398501,4.925866,1.826213
361bfdef2b4bb22dbeec387ed6530a22df3162ac,0.013104,0.400580,0.398501,4.925866,1.826213
d8988774da2686ed717bc6815036ed87a5d579a5,0.109392,0.400580,0.398501,4.925866,1.826213
a9acfca27eef073e497e14754eba9403f8e6d44a,0.015527,0.400580,0.398501,4.925866,1.826213
29c46c1cc601be19d7655b89e0fde47552e61eb3,0.028583,0.400580,0.398501,4.925866,1.826213
d102afbeac54c75b11469635436a0f0bf6a7c2cd,0.018064,0.400580,0.398501,4.925866,1.826213
745f981ed9bb442f2b56faf9f10de246c8572404,0.015505,0.400580,0.398501,4.925866,1.826213
ed0087a1ada93309fbbd16aa26a5fe04c5049572,0.010161,0.400580,0.398501,4.925866,1.826213
281f5d65222682d71a6ef7e1574e807735436ba9,0.033552,0.400580,0.398501,4.925866,1.826213
00a99116d746da0177b926f0c0e3b6766f0727e4,0.056302,0.400580,0.398501,4.925866,1.826213
5885d0b82a2cdd6b31387dc39cab8156e6585727,0.032690,0.400580,0.398501,4.925866,1.826213
a835c8cbd8448888d748f724632999afecb36149,0.012876,0.400580,0.398501,4.925866,1.826213
a835c8cbd8448888d748f724632999afecb36149,0.004848,0.400580,0.398501,4.925866,1.826213
1425e2951055e45633cdb1d5f823d8ce4bd5ee36,0.066253,0.400580,0.398501,4.925866,1.826213
621417e96c34321b54a365fe7f1fea7645ddc9d8,0.007425,0.400580,0.398501,4.925866,1.826213
c3aa2d7e8d26c7c1e61d2ec6358adaca573147e4,0.034051,0.400580,0.398501,4.925866,1.826213
b2666d2edd543c8cf51a0daa0add3d1dfc3b2717,0.157788,0.400580,0.398501,4.925866,1.826213
8d5fd7969086358f61322f850e78002691694b41,0.055731,0.400580,0.398501,4.925866,1.826213
48a650000cb41b5740da5f7172cfa6f55af60010,0.044692,0.400580,0.398501,4.925866,1.826213
ea27e1171e5e6533d7ed01a3f7aa4f2eedf14db4,0.057546,0.400580,0.398501,4.925866,1.826213
e93482eaa4de03e4401e62a537297a1e4caf3bc6,0.041617,0.400580,0.398501,4.925866,1.826213
43e9934b45a86c376268b4f01ad7702632aef49d,0.019810,0.400580,0.398501,4.925866,1.826213
b448fe09a6619b36db3026a3d9f92a49e9c13877,0.015645,0.400580,0.398501,4.925866,1.826213
213e8866ff22b9fee32a0c5a7e958c467bedc79a,0.044021,0.400580,0.398501,4.925866,1.826213
0572c56a66a890df538e29a0d81051e77239194d,0.032114,0.400580,0.398501,4.925866,1.826213
31582d3f057c44404f1d3f399949d1cf8af655e0,0.061401,0.400580,0.398501,4.925866,1.826213
bb03e8a85ec36d8bd1da0ef1ae7631329d6ee45a,0.039525,0.400580,0.398501,4.925866,1.826213
cf1c1f17b6c01f63810e6101e5a09c6133d47030,0.079191,0.400580,0.398501,4.925866,1.826213
382bea2ff12e4d8bba50b28c67c546f37d9e5a7a,0.030592,0.400580,0.398501,4.925866,1.826213
5d47ce279042ed0ea9eb33f411b5ec67c40bdde7,0.040220,0.400580,0.398501,4.925866,1.826213
794b7b155a7e5cb86762984f765a82e9dc78fbb8,0.046139,0.400580,0.398501,4.925866,1.826213
a08d54eebf34df9d184dfa0d6835b6cc542ed0b7,0.038398,0.400580,0.398501,4.925866,1.826213
0c38141cc151609b75e30735be13f053248eecb5,0.018936,0.400580,0.398501,4.925866,1.826213
154fcc7f9d1e5a92ed5d35aa95716dce084d9afe,0.004884,0.400580,0.398501,4.925866,1.826213
adfae9b22d7cc70bec439058c6f2174f369c7ecf,0.012601,0.400580,0.398501,4.925866,1.826213
dc72cf6b496ea5a5799a479ed77aaa55edb2d870,0.012844,0.400580,0.398501,4.925866,1.826213
da38d74ef683e216365b51ec00fe4d2e3f9fbcef,0.038517,0.400580,0.398501,4.925866,1.826213
a2bb3ff22875f3f6524030b53a459e8b6f2b092a,0.059176,0.400580,0.398501,4.925866,1.826213
c696ad40262c2220ed9b6172435e496f99d0c469,0.067727,0.400580,0.398501,4.925866,1.826213
2f3cca5807d149c6c8547934b850ba12a47c401d,0.025654,0.400580,0.398501,4.925866,1.826213
af05e765f0a1c2bf39d140212f27f797e9f4c718,0.009148,0.400580,0.398501,4.925866,1.826213
4c8aec3a6fe27605243ae3644f429adea37ff9d4,0.027247,0.400580,0.398501,4.925866,1.826213
ae1785cda4360119c3ffb0d5e61ecb8b30428b95,0.039186,0.400580,0.398501,4.925866,1.826213
3a687043402e62a92c9d1f758011924c725502bb,0.075053,0.400580,0.398501,4.925866,1.826213
384f4b7326a34486c3cfe0f97e162d60a8b6ea51,0.012713,0.400580,0.398501,4.925866,1.826213
eb248b7bea6aa16e96366649acf054a7d5fbbcb0,0.062619,0.400580,0.398501,4.925866,1.826213
0690438ceec17db5f1c0880d2488deb5a44ebe6e,0.076223,0.400580,0.398501,4.925866,1.826213
96ea318b8bcbbcba02f6f1524d960144d99076f7,0.052631,0.400580,0.398501,4.925866,1.826213
fde9807f87f088436e706bbad35a0bbc0ad96d5b,0.046098,0.400580,0.398501,4.925866,1.826213
66796ca366220babc73d9235ae2b201aa61e8a01,0.032127,0.400580,0.398501,4.925866,1.826213
f9aacbad225cdf6121e560b0f3871a5c480dc9c1,0.023783,0.400580,0.398501,4.925866,1.826213
5d6d9f473c04048836c1774472b5b7115d0805a2,0.085535,0.400580,0.398501,4.925866,1.826213
e78ae4ad0a796690263b50747fde0796be0e8331,0.004017,0.400580,0.398501,4.925866,1.826213
697653eee237db6d7db1550fe6371501ef01cae6,0.010340,0.400580,0.398501,4.925866,1.826213
8636e32667ba63ba16afc55acb4c8f3908a2e204,0.012481,0.400580,0.398501,4.925866,1.826213
5d06bee4206fe4f3016ea7bcf562b941c20b9a27,0.050526,0.400580,0.398501,4.925866,1.826213
29fa29fd361cfc3d3a5faa2b46a3f3997cd8be8f,0.007010,0.400580,0.398501,4.925866,1.826213
10a16a2add5b31fecc58777cf4cac73462631cf8,0.036868,0.400580,0.398501,4.925866,1.826213
5ef4a4d58eff3febb41c3fb48836d1a26ea93e92,0.037701,0.400580,0.398501,4.925866,1.826213
38d8444345596c4fc8d870c0bebc75cd494335ea,0.016471,0.400580,0.398501,4.925866,1.826213
63f06a19529fa0e3149104b9588ea2fa75dc8f8a,0.036157,0.400580,0.398501,4.925866,1.826213
6759068feee67bf9cd5a8fcc509ee82c72518c75,0.077162,0.400580,0.398501,4.925866,1.826213
70c0aa18a636864d97da4d370dfbe963f8171126,0.028748,0.400580,0.398501,4.925866,1.826213
3371f9e4a5a1139320827bf0ad8618b8d94e523f,0.070599,0.400580,0.398501,4.925866,1.826213
a232c23614b223b3648f77cc53fa085c841f414e,0.062739,0.400580,0.398501,4.925866,1.826213
e5628f79c6078dec7e1b63e0442da7a6be98c3fe,0.015462,0.400580,0.398501,4.925866,1.826213
ce5939544e856ef9940811b645ecf6f4b3293aee,0.056280,0.400580,0.398501,4.925866,1.826213
da4fb431b9b7b47f75d5a97960db2e786933404b,0.007335,0.400580,0.398501,4.925866,1.826213
270fc7f3cf798a82c42415ccf8cb85404f363702,0.029550,0.400580,0.398501,4.925866,1.826213
e57aa2af6fbc1f890adc52b8defc9733b6da5d94,0.004354,0.400580,0.398501,4.925866,1.826213
ac1c9aaddb23a0238d58c9030492fd92ec5ae931,0.035670,0.400580,0.398501,4.925866,1.826213
0d927f00ea73a06ad3bf11c283bf52c72691f827,0.028279,0.400580,0.398501,4.925866,1.826213
13a0507da9d793f7f59a6d95a011a8cd4df527d1,0.004497,0.400580,0.398501,4.925866,1.826213
b4838e764bc6a9ab0bba37164dda1000edfaa980,0.027012,0.400580,0.398501,4.925866,1.826213
8311b1bbd8bfc0787ec90a15a504f04408cf1a79,0.022672,0.400580,0.398501,4.925866,1.826213
6db1ff8d0b5433572f566b2bfd5281e0d1eaa2f0,0.012673,0.400580,0.398501,4.925866,1.826213
64adbcaddd07f8d7777a290a387fbaf549600307,0.025302,0.400580,0.398501,4.925866,1.826213
41e0c40dfb038589851f8deb968e80bebdb2b9b5,0.013269,0.400580,0.398501,4.925866,1.826213
e50c6003f7fd983fd4670aaff6f5460c4dd5ce5e,0.141989,0.400580,0.398501,4.925866,1.826213
c5b8fb888cbbbb00cc14e4c7afc432661b3d583e,0.022381,0.400580,0.398501,4.925866,1.826213
171dae5cbf84055b2f95938365a13eb1f1074bc3,0.025109,0.400580,0.398501,4.925866,1.826213
d766775cc6c1775841c849114f4fa6c073012f92,0.030970,0.400580,0.398501,4.925866,1.826213
3a51078e605db66f31c6a1bc476664d45dd60bb7,0.039444,0.400580,0.398501,4.925866,1.826213
0a4591b375493946e1bbe3ec57d943341deb3ed4,0.016478,0.400580,0.398501,4.925866,1.826213
1f42e150254b7ab27a93571267b38f6a03c7842e,0.076603,0.400580,0.398501,4.925866,1.826213
7980067e1e7b7752cd30658d62aab550a8ece77d,0.048959,0.400580,0.398501,4.925866,1.826213
a1b40bd95c2778b56b1945d395727db769368662,0.032339,0.400580,0.398501,4.925866,1.826213
5d4908659e4449cd20149f888d1bed553381de13,0.043913,0.400580,0.398501,4.925866,1.826213
ca9472cea740e68e1edb9b26ae523d21c7c353aa,0.024729,0.400580,0.398501,4.925866,1.826213
2842f488ef587e7a74344a6082bdf81b5dde21ba,0.058360,0.400580,0.398501,4.925866,1.826213
ae26835ffcc3aa2f980861b2a85e7453a876568b,0.045497,0.400580,0.398501,4.925866,1.826213
0ed1fadf02c572ba5cec07ab0d690409983f8246,0.053923,0.400580,0.398501,4.925866,1.826213
f0bef20af606fa2cabcec9e259563f45af0372cf,0.041382,0.400580,0.398501,4.925866,1.826213
976c16ecce2026f601be31ec39bbdd9a736a3c06,0.036152,0.400580,0.398501,4.925866,1.826213
ae9a51655a0688d97873832c7164ca74c7d6aaeb,0.042044,0.400580,0.398501,4.925866,1.826213
08df0d5e4db4c80859adb83036e06838b1f2cd06,0.030119,0.400580,0.398501,4.925866,1.826213
9cef7eb0dd23cd57883c581e9fd840649121207f,0.067208,0.400580,0.398501,4.925866,1.826213
666c92bb66a4b9dff763f386eb2e268031862337,0.032855,0.400580,0.398501,4.925866,1.826213
695ce9475fb7d16b175a4025da358dc71814c81b,0.040755,0.400580,0.398501,4.925866,1.826213
bb3e06931b7b5d59a7fcbf3c6718d6c31cec0270,0.004017,0.400580,0.398501,4.925866,1.826213
50af0c326429983aed156b6bce5f67305e0346a3,0.045272,0.400580,0.398501,4.925866,1.826213
e22429f67e585f82c7c754099e814212a2ea2adc,0.047057,0.400580,0.398501,4.925866,1.826213
e1325f200824edf4058b4483938c00baf275127a,0.025104,0.400580,0.398501,4.925866,1.826213
74251b9657d9524d85cda176a9f4287218c99ab6,0.044582,0.400580,0.398501,4.925866,1.826213
ae7e901d10e8ff1ce175cd1bbf993342758f6525,0.049465,0.400580,0.398501,4.925866,1.826213
515a8e30c78de8055b391155a4fec064ae02a8bd,0.033996,0.400580,0.398501,4.925866,1.826213
2d734a1ff764e9b6e7bf4c641c46feffceaeae22,0.049706,0.400580,0.398501,4.925866,1.826213
a33485f34de68d6873db94ba5b3aa457da42a29e,0.019685,0.400580,0.398501,4.925866,1.826213
4378117d3c9d02841397c46736fccf8876f53822,0.010827,0.400580,0.398501,4.925866,1.826213
2c3c2b3d246d247660d0066215398220da7902ed,0.040735,0.400580,0.398501,4.925866,1.826213
76ce92439b50d10dbeee353fdae5eeb67979c403,0.055281,0.400580,0.398501,4.925866,1.826213
9c4325be1a58b694c18d36d25cb021c11f9a8090,0.074878,0.400580,0.398501,4.925866,1.826213
901e124cda7a9907972d817399a1963aa6e48810,0.027012,0.400580,0.398501,4.925866,1.826213
96fe9597d28b6162a3721cd6ccc24394e050efa3,0.020129,0.400580,0.398501,4.925866,1.826213
1db82e3a1ab85f213ae17258354aa4cc478b75e5,0.041565,0.400580,0.398501,4.925866,1.826213
8ec25b86e145d0fe6e72357b5ef4252cf6da1089,0.011494,0.400580,0.398501,4.925866,1.826213
badce0cc0e50a7b4daebf393ba15c02de52538cf,0.023237,0.400580,0.398501,4.925866,1.826213
5fd08bc0e6bb11c86dc781e9b3f536c1763830d9,0.029417,0.400580,0.398501,4.925866,1.826213
c17476479b34cb79948f8ec02a0776530a614de9,0.013111,0.400580,0.398501,4.925866,1.826213
9519c695a162eaef3edb0b1014499ea3815564d8,0.023129,0.400580,0.398501,4.925866,1.826213
f119d22f820587c4024e0338de1caf2ed7d59770,0.009584,0.400580,0.398501,4.925866,1.826213
3baab22c49af78eaeed992005064e3d9311640bb,0.036770,0.400580,0.398501,4.925866,1.826213
f1d3374794dbffd1aad88effdc7a4f56717d7369,0.004269,0.400580,0.398501,4.925866,1.826213
4298760a6900c060b279043d2066fd0239bcb477,0.012627,0.400580,0.398501,4.925866,1.826213
db74b538e5f0f29d45feae10a47893f5f5e922c5,0.056109,0.400580,0.398501,4.925866,1.826213
7f544b1ce62a3c78d903925dac8a48a2d0174f71,0.034980,0.400580,0.398501,4.925866,1.826213
04aa47c77224889dc161c154da4abda9f88efb2a,0.032590,0.400580,0.398501,4.925866,1.826213
8ec89a9fc2a0dd4f8bd892185a98db0287b7560e,0.038484,0.400580,0.398501,4.925866,1.826213
9592a98834fae5b34baa2da4915aad95dd56c73c,0.012951,0.400580,0.398501,4.925866,1.826213
d353a96eb1e17437d8face951d35b774a1ba389f,0.015312,0.400580,0.398501,4.925866,1.826213
82d778329687295915ae0adb37cb3f845827606d,0.022254,0.400580,0.398501,4.925866,1.826213
fa3c9dcffceb24682ade158a3c1fb7fdc450dde3,0.029910,0.400580,0.398501,4.925866,1.826213
deb136cbfd8089a65399bfcd629a7827f9fc53d6,0.021782,0.400580,0.398501,4.925866,1.826213
e385daeed60c1e1e3d904bac4ab03fad51b6d96d,0.061030,0.400580,0.398501,4.925866,1.826213
37c904d6c54c1a1bec61b0344cb4030aefe6f29a,0.023731,0.400580,0.398501,4.925866,1.826213
6c4c2b184c9ddf0776f22fe3b2452459f9a0221d,0.003957,0.400580,0.398501,4.925866,1.826213
b9d0a76027d343898f272f8fed3b06d3e860528f,0.012682,0.400580,0.398501,4.925866,1.826213
dd6a56c37c0e5defd426ce3561263a054e452a2b,0.032885,0.400580,0.398501,4.925866,1.826213
dd0ce5b064b20e31a22b699ba4e863a0d2455b5c,0.023050,0.400580,0.398501,4.925866,1.826213
28e4918a1320d5ae56087a50a86fc73ede462138,0.037158,0.400580,0.398501,4.925866,1.826213
8bae14d69de554b32fa78aa410ba6621ab85bb78,0.051741,0.400580,0.398501,4.925866,1.826213
b086f9fbc187b52e749bc94cce7f141b505204b6,0.054646,0.400580,0.398501,4.925866,1.826213
81cc31229ec6984eedca973baec0a99865185e87,0.092736,0.400580,0.398501,4.925866,1.826213
034ca3f9f29835baadeb3a1a52935db991889720,0.039741,0.400580,0.398501,4.925866,1.826213
5ad5207dadca9a3a831ff3be01de77d55a949083,0.048901,0.400580,0.398501,4.925866,1.826213
a95ace9fae187049e1bea8cc703acc9c13d89a48,0.009275,0.400580,0.398501,4.925866,1.826213
36d0adb8c14b8105b9ba690073d0501955bce328,0.037885,0.400580,0.398501,4.925866,1.826213
488cbeaa4a6e3399bc529aee8cc2c6a471233dc3,0.012804,0.400580,0.398501,4.925866,1.826213
7fb3793bea4e19f4ae115ff9f4598e19f5eb5956,0.008500,0.400580,0.398501,4.925866,1.826213
8b0e18b511b3d8a64c4c1fcb2926ae82aeaf9ed5,0.052403,0.400580,0.398501,4.925866,1.826213
5dc49fc77954407f17609d9b7f3879f979094215,0.036619,0.400580,0.398501,4.925866,1.826213
e0f8a9d0562ab7e133cfcc8656d904283dc45499,0.076258,0.400580,0.398501,4.925866,1.826213
c8afec076b5aba6ec74a04436617bdd5bbce8ef1,0.023929,0.400580,0.398501,4.925866,1.826213
57b458106d7641fc70829999609a3f1ecc0a5845,0.032935,0.400580,0.398501,4.925866,1.826213
289b0d753edc165956cc13d81b338041af0b23dc,0.020671,0.400580,0.398501,4.925866,1.826213
2bd00c2836afda86a3342d8a30bcb89438c6d0a7,0.038994,0.400580,0.398501,4.925866,1.826213
07c7182268a1c11d925df01d3eb946b9249729e4,0.035107,0.400580,0.398501,4.925866,1.826213
205642899eac1f1e61195d4c690f40a722a92cdb,0.071781,0.400580,0.398501,4.925866,1.826213
f29a652271f21bcee66fdecc023cadb0cd3a59f5,0.048099,0.400580,0.398501,4.925866,1.826213
25c93f4af63a8a2498c564b375de52910dbe48b9,0.014054,0.400580,0.398501,4.925866,1.826213
04db54083e0ad855ba433831e9e13cccf985f488,0.021088,0.400580,0.398501,4.925866,1.826213
d0854d5a07fabafdaa9fd83e88f89a9b13e843e0,0.036591,0.400580,0.398501,4.925866,1.826213
e8bc26ab5d84d99bc1a5b60f68fbbf8a4ede5dd5,0.021549,0.400580,0.398501,4.925866,1.826213
ef76dbaea4f6a1f8554fe7ad906bb43ea563b003,0.042818,0.400580,0.398501,4.925866,1.826213
a7afa5b65f38ba445a9d8887dca1ab04fb40fcb7,0.037761,0.400580,0.398501,4.925866,1.826213
9a6d934b06713e10b144cadbbcab6e38144888b8,0.017806,0.400580,0.398501,4.925866,1.826213
3ade680f85d7384d1d7ec94a366f2ad904cea119,0.016250,0.400580,0.398501,4.925866,1.826213
d2b50d841e820508ddd3a8ca7bc1efb35197b2bd,0.011863,0.400580,0.398501,4.925866,1.826213
cfcf42e7428bd01e20b133379e9759efc840d526,0.030043,0.400580,0.398501,4.925866,1.826213
584a2e667a84d118f3dc60709c6202bc13cb95bb,0.025833,0.400580,0.398501,4.925866,1.826213
8c052b4d2476a3148dfa4371b8de2e5130e5be2a,0.008668,0.400580,0.398501,4.925866,1.826213
e69c24d56c0297df8cb5f9d6a71ad04465903dcd,0.020627,0.400580,0.398501,4.925866,1.826213
493e20e142e8def62a65aee819cfb4ae0c917a4a,0.047648,0.400580,0.398501,4.925866,1.826213
bbd8b71fdd18f85e3029bd335038110f38bc49e9,0.004300,0.400580,0.398501,4.925866,1.826213
940f34ac512999189f06718ea6ee58313f67816e,0.023147,0.400580,0.398501,4.925866,1.826213
3b5e6a67f65913261540acfab0cdfb0acdf8754a,0.019036,0.400580,0.398501,4.925866,1.826213
c4500340c89aec9b811e9b88ecb010e3c9fa3ed1,0.023914,0.400580,0.398501,4.925866,1.826213
772bef6d4cd66b86c4862f9f8e58fdc9b08a737a,0.049856,0.400580,0.398501,4.925866,1.826213
3e78064dfb472794f6358a8f930846b32544dd92,0.059265,0.400580,0.398501,4.925866,1.826213
a66c0e9e1ecff4eff17f3acdddf6b9edab6269c2,0.049915,0.400580,0.398501,4.925866,1.826213
7017eb7b6ac6cb52af253692d86677ec7d2301a5,0.061859,0.400580,0.398501,4.925866,1.826213
5aa7fc914811b5bec0eac1b8957d2509d3580d69,0.044494,0.400580,0.398501,4.925866,1.826213
f28ee57cc637ed1d36de9a4a322aba6fd641d478,0.015197,0.400580,0.398501,4.925866,1.826213
2e37f0e2ce2330fef84a64692e6f1ab7da45e78a,0.031119,0.400580,0.398501,4.925866,1.826213
528da65890b5d7cc23a90366da4649f0bfd84122,0.019721,0.400580,0.398501,4.925866,1.826213
b1d269f3544eef094bf8e1a02cf1681b572455ca,0.044207,0.400580,0.398501,4.925866,1.826213
582c431ab7a556b61e4147f8e9d701d2769b19ce,0.040662,0.400580,0.398501,4.925866,1.826213
1de57fa4e9db314be2a4eaeee5e6f4963ad148ba,0.016154,0.400580,0.398501,4.925866,1.826213
3797a75225161c61b2b78e76eaa964eb091e6322,0.013298,0.400580,0.398501,4.925866,1.826213
8e802fe69152e20ba5da125b99796672785a1a3d,0.016027,0.400580,0.398501,4.925866,1.826213
1ec01bc95d11b19f147c720d50e35b62d15cfa7a,0.035016,0.400580,0.398501,4.925866,1.826213
e013191dc0d71b8264c561fea3cacc36e4e0e6b2,0.020110,0.400580,0.398501,4.925866,1.826213
19705d40cec836b3c8408512d42cae95ad84e212,0.013209,0.400580,0.398501,4.925866,1.826213
c7373e1473d2e3b8071d55e6fb7602982a0036c7,0.011958,0.400580,0.398501,4.925866,1.826213
bc0c26e3ccd4c3848b6272214401561e2b612b75,0.004041,0.400580,0.398501,4.925866,1.826213
4c8b15eb3e36199680fa5c52638bba3e2b09d104,0.010363,0.400580,0.398501,4.925866,1.826213
05006c0adf8f7b89ddf9355518f50ac94a16f392,0.020895,0.400580,0.398501,4.925866,1.826213
b88191b7866ec1501f1c790dde4614c15ffb5333,0.024120,0.400580,0.398501,4.925866,1.826213
70f9c9f9c12b4aa2532f211bad19c50ce4b412c5,0.025632,0.400580,0.398501,4.925866,1.826213
ac935624ec0c900c420327691405ca490f34cc52,0.020877,0.400580,0.398501,4.925866,1.826213
1f28be92ba0190d7b5f56218e86f25baf530273f,0.085354,0.400580,0.398501,4.925866,1.826213
98ead8a340ec41f6a27f1bacdb6c2406efe520e1,0.023469,0.400580,0.398501,4.925866,1.826213
75ceb43c485b0051ea3ba7e0c0ed05646365053d,0.043796,0.400580,0.398501,4.925866,1.826213
7d62369fa7789b7518fec63f118d681bae77502d,0.012541,0.400580,0.398501,4.925866,1.826213
f34db3dac7cdea1862c8e1e034f79839d22d930b,0.052142,0.400580,0.398501,4.925866,1.826213
106648f2811b909faf5b25c793330c32240c58b6,0.024175,0.400580,0.398501,4.925866,1.826213
06de43601ecc827d10640c114af552ce0c4fcfd2,0.048744,0.400580,0.398501,4.925866,1.826213
1a0f5751c2d44ea2ee21bff16a36d4b6000b1a7b,0.049042,0.400580,0.398501,4.925866,1.826213
49e7b0d4c572e977406b9e1d48d5db157479dfb5,0.011312,0.400580,0.398501,4.925866,1.826213
9576c9c0388096d384779c3fbb8fa1d8cff30e23,0.015574,0.400580,0.398501,4.925866,1.826213
cc1ba3bbdb83e097500a160ff8acaad84c6063f4,0.032062,0.400580,0.398501,4.925866,1.826213
2aeec69a1eea26e8741b325d7e2cd7a0d0dc9d46,0.012473,0.400580,0.398501,4.925866,1.826213
e2bd6167f5ace4c6fdcd08a69a5620472a3fe497,0.019433,0.400580,0.398501,4.925866,1.826213
3fac035390e477201587a11f9390465c06a0efe1,0.035156,0.400580,0.398501,4.925866,1.826213
b4fe032fb0c364456448054ef4154b2b250295c7,0.046647,0.400580,0.398501,4.925866,1.826213
28d9dcec6d9163315d7d53efb6201379bf8a6dad,0.026345,0.400580,0.398501,4.925866,1.826213
e9a6567f773c31b2dcf8da51e3c44816634feef2,0.024605,0.400580,0.398501,4.925866,1.826213
7fba5f5b89997a5eef916f6e2cb071758e6c5430,0.016397,0.400580,0.398501,4.925866,1.826213
826df8d1797fd6e2b87a56f09bb9a5501f705336,0.018006,0.400580,0.398501,4.925866,1.826213
20ba4fa1b145fd34b015544fa4d5a67c50eb43a2,0.039176,0.400580,0.398501,4.925866,1.826213
fced53088cfedbf67a89560e9eee80952937234f,0.016087,0.400580,0.398501,4.925866,1.826213
6b018a69f7f87c71aa80c3c466e2cbd36c7e50d0,0.035722,0.400580,0.398501,4.925866,1.826213
c1beb20e6497d8bf782b482d29753df5a83ef644,0.028811,0.400580,0.398501,4.925866,1.826213
a7764a9dbd5c029081b1485634b2b2a82b6efec3,0.051787,0.400580,0.398501,4.925866,1.826213
9656faf1fc6cf01509264263f1525b0858afa616,0.035222,0.400580,0.398501,4.925866,1.826213
52bbc808804de42f637b09929888adfb9ff7d4d3,0.067513,0.400580,0.398501,4.925866,1.826213
5916017a70f76ab8f57c0c71087b5a288891a3a4,0.029766,0.400580,0.398501,4.925866,1.826213
9254379cf697ba6f9b715f7ffe7fa67180ec5ff3,0.015958,0.400580,0.398501,4.925866,1.826213
dfa2d08660bb6a33ce9c9e96eb8fddb8c2aff06d,0.013717,0.400580,0.398501,4.925866,1.826213
b68226b69e4d0d8ef6ee6a862670417e92a89b9c,0.019058,0.400580,0.398501,4.925866,1.826213
41882123db5fc622f99c60f184de7419aee79503,0.020059,0.400580,0.398501,4.925866,1.826213
c2e73e74adca3fbdc0c8d06b22c49c1cc42624c1,0.029711,0.400580,0.398501,4.925866,1.826213
fbe6e97673851b84b6f96a61a80d65a3285985cd,0.023713,0.400580,0.398501,4.925866,1.826213
18fb39d6357ec4934385ed900fab324ecca94c70,0.107557,0.400580,0.398501,4.925866,1.826213
6709ed5fd99e59e0b0d26d05b116d1789b957a66,0.028930,0.400580,0.398501,4.925866,1.826213
510b1a1bc4e5661bc57eb86a00bc67d268d1bf1b,0.018241,0.400580,0.398501,4.925866,1.826213
d02cfe4898deaf6e83b5ba8b822296a8e1bf9662,0.008818,0.400580,0.398501,4.925866,1.826213
0074331e771853920ea5e3982f8991f22e12acea,0.026969,0.400580,0.398501,4.925866,1.826213
ae3b9439ca1299fa38785c5502c1e3cd8dbada80,0.037622,0.400580,0.398501,4.925866,1.826213
b0d10fc9c2300f64b658ad78129460e3ebcac0e5,0.025126,0.400580,0.398501,4.925866,1.826213
b62b97ac5138af9cbbe1f3f7beca76407417f964,0.004383,0.400580,0.398501,4.925866,1.826213
78fa279dc6069c597ac082379b9138416b907d0c,0.012587,0.400580,0.398501,4.925866,1.826213
741dfd37aa0985644506f62448226cb5697f86b0,0.048425,0.400580,0.398501,4.925866,1.826213
1955ffdba41aea0831957f40fefc550c1dcf8054,0.004969,0.400580,0.398501,4.925866,1.826213
4a56f3e543a3aaa78249ccacb1d3e07b730cb3f9,0.024862,0.400580,0.398501,4.925866,1.826213
f43c524415c2377459e5b70825bafba392cce12e,0.037427,0.400580,0.398501,4.925866,1.826213
c12fa6b9cea73e02fd6be4c564fb8bd09ded2524,0.029157,0.400580,0.398501,4.925866,1.826213
47fa3bd45b334a2776d56d402bb3b80d61bd9e9c,0.098953,0.400580,0.398501,4.925866,1.826213
545a33237804ad304092e2fb077853f5fc9a7f5c,0.017389,0.400580,0.398501,4.925866,1.826213
ae075aeacad6f1e1aee28945829615f96cf4a7eb,0.003747,0.400580,0.398501,4.925866,1.826213
81f3d12e2f52517d88debf682c02b57b2052a99e,0.022022,0.400580,0.398501,4.925866,1.826213
a51424b943eb9646180dbefc9c123743fed8017b,0.018608,0.400580,0.398501,4.925866,1.826213
a23f6e273440a55d06244fec2ac6f249b39a24c4,0.014595,0.400580,0.398501,4.925866,1.826213
65155d89391085263ad234ea84c6b66246932dc1,0.004631,0.400580,0.398501,4.925866,1.826213
404152d58768ddeb8ff5ef0135a954b2ddbb1d34,0.040616,0.400580,0.398501,4.925866,1.826213
d679e8d7eb9768e8080c07d6f871544242279eca,0.035937,0.400580,0.398501,4.925866,1.826213
af611cb203157210cee56afbbbe5068af9334cd7,0.016078,0.400580,0.398501,4.925866,1.826213
d98e02dd79c7a92a8ff27de31df94c816a9cabb5,0.012700,0.400580,0.398501,4.925866,1.826213
209ecb03804b441ed1a4bd4bdca96182b22a45c6,0.021421,0.400580,0.398501,4.925866,1.826213
3b17eafff2ab4be1e929a73ebb7fdfb3a2189628,0.013018,0.400580,0.398501,4.925866,1.826213
6d90b2b9dc36f7562cb3e3e13269029ddbd4c013,0.012686,0.400580,0.398501,4.925866,1.826213
7b13fc9abdc9db9d28b9aecf602ecd1b6535ea46,0.015850,0.400580,0.398501,4.925866,1.826213
cf1233e14b3fb2c6f38d24094041e2e597e2d435,0.031887,0.400580,0.398501,4.925866,1.826213
e0b78b965f52ba4aa61d238c82c3c9c989294f35,0.023736,0.400580,0.398501,4.925866,1.826213
87c5317f1c45d0c7743c7d553b7746c4455ef301,0.020363,0.400580,0.398501,4.925866,1.826213
227770f0c4848b4a7c744fe84eb70cde846d585d,0.022071,0.400580,0.398501,4.925866,1.826213
e6558db660cc150701692a9850f58237ac0b4841,0.040719,0.400580,0.398501,4.925866,1.826213
54bc641ddce48daa84c246c12ba3c8a5a9960df8,0.008412,0.400580,0.398501,4.925866,1.826213
62aa5d6eb8d62bf1ba475ffe4d8ad1424697a68a,0.012772,0.400580,0.398501,4.925866,1.826213
a0c841419bed4ab2c37fbb231ca05019c224395e,0.023720,0.400580,0.398501,4.925866,1.826213
aaeaa14a4aad2284fa17b3d805d7a1def9949baa,0.053677,0.400580,0.398501,4.925866,1.826213
f6d7344279497c977266c48a1e89552b8a0fb77f,0.045114,0.400580,0.398501,4.925866,1.826213
bb5ddcbaac1855f5c81b8f41719d7d89392601ad,0.024921,0.400580,0.398501,4.925866,1.826213
afcf12c8f50e6cb4aa229a63a13a56dae9cdb719,0.013371,0.400580,0.398501,4.925866,1.826213
6ebaede0d90bc3ec89219d46db3857a5dbf5bdbe,0.015689,0.400580,0.398501,4.925866,1.826213
f72634dfc143aa178bf75096c16e041c40faa715,0.036305,0.400580,0.398501,4.925866,1.826213
344cca2d64ea99e631dc25915246bff71fca1000,0.047345,0.400580,0.398501,4.925866,1.826213
4623214145155c6f4f84f1181e6469ec0ef4eff0,0.017039,0.400580,0.398501,4.925866,1.826213
574b272a35fbbf8b8152680887ad93fb139c5840,0.052086,0.400580,0.398501,4.925866,1.826213
101b75c82e0184f7813300d7eccae1bd6f96c6f0,0.028510,0.400580,0.398501,4.925866,1.826213
9b587f57032320c9b875ce9752f99285b84aa304,0.016944,0.400580,0.398501,4.925866,1.826213
16f628e8272eddd5aa39c106add90974e9a6e55b,0.037326,0.400580,0.398501,4.925866,1.826213
2d057f72887b4d87768fedc9a92dc2bd09050aa9,0.016629,0.400580,0.398501,4.925866,1.826213
d7f41e484a393bfff5be192165c97e8bc03a2718,0.008735,0.400580,0.398501,4.925866,1.826213
63005c04648c799c5d0e1ff4147c60ee3556cdd2,0.011549,0.400580,0.398501,4.925866,1.826213
4716c25461d047f695569bed7427cdee9fe85763,0.032651,0.400580,0.398501,4.925866,1.826213
04ae95168d3452baf238301e17722b782af1cbb3,0.022715,0.400580,0.398501,4.925866,1.826213
1668a92e45496b87ebb4af745304bfc914864f49,0.038030,0.400580,0.398501,4.925866,1.826213
825d033da106c58e21b58b94f2e034dc165c9fb4,0.003861,0.400580,0.398501,4.925866,1.826213
b7e24915a006a3022a9ca3e8c4aa2be02cf156f6,0.004642,0.400580,0.398501,4.925866,1.826213
57cab006e6f9b8daa36ba24cd628d92dd471e958,0.014114,0.400580,0.398501,4.925866,1.826213
218767c9b747f0fff9595ddcf26d6ce2ececa573,0.036489,0.400580,0.398501,4.925866,1.826213
779bc9a465feec5240864a7583840a59e3619ca5,0.004473,0.400580,0.398501,4.925866,1.826213
17361c759baf506846e6197f3a8b66397d5802a1,0.006589,0.400580,0.398501,4.925866,1.826213
b00504dc3531c7d9cf881903fd5d1012d4e5cecc,0.019861,0.400580,0.398501,4.925866,1.826213
46fdc6681d4c59372f0f39fe579bce8dd6c49602,0.012410,0.400580,0.398501,4.925866,1.826213
6bf2bdcd4a60ac32f98f1c95b3a59998f7d4f718,0.031825,0.400580,0.398501,4.925866,1.826213
db60df4b34ea0d98445fdd18591fe60b1f23549a,0.040688,0.400580,0.398501,4.925866,1.826213
bc9176bcc0e451c9e63615612b6d4240937e5ee6,0.019787,0.400580,0.398501,4.925866,1.826213
a01bd34ca72f1778fcc0df5a657d362602550654,0.029943,0.400580,0.398501,4.925866,1.826213
71d76ebf58f06e6446c83da8f1c96f0c3a59f57c,0.021494,0.400580,0.398501,4.925866,1.826213
53d49bd1b62b7ccd3884a920fa692608d326ec45,0.013581,0.400580,0.398501,4.925866,1.826213
3dd76fd7c611f58ad5a7c49c73de92045f3e228e,0.044667,0.400580,0.398501,4.925866,1.826213
b9e6d54cfc6c2b25162f8356cdd490151f5be7dd,0.023076,0.400580,0.398501,4.925866,1.826213
3d1d9821512caa8c8d2f7aed8a042c61e4b3092a,0.013375,0.400580,0.398501,4.925866,1.826213
65fa358920b126c0c0819fadde84dd0478f5edff,0.048559,0.400580,0.398501,4.925866,1.826213
519ab772387fac9d8d7f5568352602664cb62812,0.019293,0.400580,0.398501,4.925866,1.826213
f2697cb0083e7fd8e01186faf6e9515048f411e2,0.008738,0.400580,0.398501,4.925866,1.826213
fbe8aed56ab3152ccdd39e2c7aed1a33aa3fb172,0.036636,0.400580,0.398501,4.925866,1.826213
626312437074ab71fde6457c6a637578f0a120c2,0.044142,0.400580,0.398501,4.925866,1.826213
d96b1549a25864aefa12166da0883befb020c985,0.005135,0.400580,0.398501,4.925866,1.826213
2e1c5e88ae4d003dc8504cfcf5201ced229f48d5,0.012406,0.400580,0.398501,4.925866,1.826213
70b188bf78c2d3e90459dd780409bc9398c29f5a,0.034576,0.400580,0.398501,4.925866,1.826213
118e8bde65ea9a24d648777401bd38af6ecd28d3,0.019357,0.400580,0.398501,4.925866,1.826213
f36ec61c4510fa2e6cede879cf6d1d9a91107c9d,0.049651,0.400580,0.398501,4.925866,1.826213
4eb4caae22bcdd8164d9efe2dd393277dc7674f9,0.004745,0.400580,0.398501,4.925866,1.826213
83c7445c4186db0f12dd2f8504c0f8b8adf0689d,0.055649,0.400580,0.398501,4.925866,1.826213
ff0dbf9625d638bffc2d3c878d8c93d8a8946e55,0.017505,0.400580,0.398501,4.925866,1.826213
17ee6c41e845c1d8ab042a19fb447d455a90c640,0.009863,0.400580,0.398501,4.925866,1.826213
f26ed764b14854641b2bc905d2098580ff66e951,0.011893,0.400580,0.398501,4.925866,1.826213
b9685ffef44f9ecbcb3e1bc46b3276263ed39cc9,0.024315,0.400580,0.398501,4.925866,1.826213
1c7f089ef7e8ba70d25d5a48cbfb783326193a09,0.038104,0.400580,0.398501,4.925866,1.826213
4916ec22c4127c0b2ddaa00a16ba1ee3da3cb83b,0.011114,0.400580,0.398501,4.925866,1.826213
729cb501d7c73a29a2d00eeffef5901916b45a5a,0.037851,0.400580,0.398501,4.925866,1.826213
b6f4de56fbdc841aa406e8bc29bb99c4195ba674,0.012952,0.400580,0.398501,4.925866,1.826213
1657df48fed91fd96bb42c0c137db95213f01c38,0.032524,0.400580,0.398501,4.925866,1.826213
85aee9d9179dc7d27b5105cd33f58915daac2bfc,0.003839,0.400580,0.398501,4.925866,1.826213
116de7ee627995813796d66345eee6e6d8125b59,0.028183,0.400580,0.398501,4.925866,1.826213
5975f4ce3846b9e3f2b61be78a5045e45d514df3,0.004517,0.400580,0.398501,4.925866,1.826213
3485737b5f5e1dabc0182d766a880a6158d61be9,0.015603,0.400580,0.398501,4.925866,1.826213
f20c0d00b1a7becccd5994737d0305d1664da2f8,0.014946,0.400580,0.398501,4.925866,1.826213
81bff12a09bb4220210f0ec376c202d864cb473d,0.039295,0.400580,0.398501,4.925866,1.826213
ae6c76fbce00d9f411fd10afcef3aa35cd96903c,0.004582,0.400580,0.398501,4.925866,1.826213
7e7da4e988a31bbd7b8b14e6c9636730f595486d,0.013152,0.400580,0.398501,4.925866,1.826213
f4b80faf43829ab10755aec7b92c3a83088e4cf1,0.063556,0.400580,0.398501,4.925866,1.826213
f0d40dc758cf700b632ef8e680ff48ab310431fd,0.019078,0.400580,0.398501,4.925866,1.826213
2be7b0e916f217f5dc3580e6eee0c761c23e2c73,0.024077,0.400580,0.398501,4.925866,1.826213
030afba347139385ea018dba9783f328ee143110,0.022403,0.400580,0.398501,4.925866,1.826213
feeee90110b641f5733c8fd92e3eb0fbc4fc5320,0.047100,0.400580,0.398501,4.925866,1.826213
362a986443ae3363de70816344b59755c6568020,0.032764,0.400580,0.398501,4.925866,1.826213
7184e391f63596230c7bc42203c9b45d59c22e2c,0.013994,0.400580,0.398501,4.925866,1.826213
66f7a0bca706142ae8d5b97c5d15be9ac61db807,0.004606,0.400580,0.398501,4.925866,1.826213
a42ed3ce52f6b3eebc043ef365f517ef975f1265,0.016032,0.400580,0.398501,4.925866,1.826213
954b09804f24c7804865a511d4f29b5ddeadb526,0.009268,0.400580,0.398501,4.925866,1.826213
8686d405b94f778f5c8072c6eb43ab078f3b629d,0.011372,0.400580,0.398501,4.925866,1.826213
09677e0193a9dc693f85684bb1c2da56fe6804a2,0.027761,0.400580,0.398501,4.925866,1.826213
021ae0efcb7742ecaa0035fa5fcafc9f3b220dd5,0.013570,0.400580,0.398501,4.925866,1.826213
b23a53eb766dbdee15d861fd50c645d6dbfcf24e,0.048230,0.400580,0.398501,4.925866,1.826213
a35936d963800d6f7ea7347ab4a64d43657a0871,0.019393,0.400580,0.398501,4.925866,1.826213
e0ec08946a3e40a3cc7b3872d34ad54df75eebaf,0.015865,0.400580,0.398501,4.925866,1.826213
19f813e496fa8678f82690ddcfd77df55c59ad8a,0.006198,0.400580,0.398501,4.925866,1.826213
38f13095e62650202e291b1615dc1f1a6d2f43b0,0.004947,0.400580,0.398501,4.925866,1.826213
8ac39e09be7fb41f86108c3597004395ef1d32d3,0.020039,0.400580,0.398501,4.925866,1.826213
e51e4d679bedbc8328e2ea86a3c6c72b83318874,0.013547,0.400580,0.398501,4.925866,1.826213
2fa105292340a33a7481f959a760e2d5dcb028f3,0.031938,0.400580,0.398501,4.925866,1.826213
9e8b97337cee19fb35f2dc710b8cdef8fa19091f,0.028078,0.400580,0.398501,4.925866,1.826213
2ab37e5ae736867d794266f145c8221ac12221fe,0.031742,0.400580,0.398501,4.925866,1.826213
f0b519dc0e421d27e76107319d6221a0b5d59b04,0.024511,0.400580,0.398501,4.925866,1.826213
ce7e0094f209b5ec9c4345bd37fea87e4fa5d702,0.059806,0.400580,0.398501,4.925866,1.826213
9f6ca7fe7b22a33e257eb0cf07f0d9fe0a457fab,0.048314,0.400580,0.398501,4.925866,1.826213
88adf3b9ab471b3b51c2aa59e8ca5ac4fc74d442,0.021745,0.400580,0.398501,4.925866,1.826213
5df1a83fbfc87812ca5c2c772c561f76443847f5,0.025232,0.400580,0.398501,4.925866,1.826213
951b9973ae219dda5fc16476a9061253ccbb5cab,0.014124,0.400580,0.398501,4.925866,1.826213
3f1901cade585010ddc7605b9e72ff9f03d5e613,0.007137,0.400580,0.398501,4.925866,1.826213
8118f6efde2ba64769ff2f14e98459e4da812027,0.004429,0.400580,0.398501,4.925866,1.826213
f87248dcec9a0afbc8ef79ffcc8fbcc2b7d17780,0.040073,0.400580,0.398501,4.925866,1.826213
7e02960c527d590bd07b064f981434dcb000006b,0.014629,0.400580,0.398501,4.925866,1.826213
982359cfab9fbf5fd7b28732368a7c8a6b03a02e,0.008128,0.400580,0.398501,4.925866,1.826213
822b4eed4f335a641fca5791ccc33f4d4ef2432e,0.051806,0.400580,0.398501,4.925866,1.826213
5645473559c9168aab0be88c67d69a85f5e5b396,0.047744,0.400580,0.398501,4.925866,1.826213
6af79960f9c91a094b38d3c7272c6f370ca826f9,0.011263,0.400580,0.398501,4.925866,1.826213
768e47150f5e307c77df48ba468507642d8f79ac,0.012429,0.400580,0.398501,4.925866,1.826213
9fbe55913978461cde9fa457534d3b4db42b4895,0.004500,0.400580,0.398501,4.925866,1.826213
8858a8010913671abde588b3e2e43a2890866b25,0.012661,0.400580,0.398501,4.925866,1.826213
a68c85f4bc01158a6b82c760426ef6222eacad3a,0.013135,0.400580,0.398501,4.925866,1.826213
3d58c49c060665fff77d4c9551ca32bf8ce9d6e2,0.017641,0.400580,0.398501,4.925866,1.826213
4f9f32c1e980235acd85821c60b5b6cad1bd5583,0.039152,0.400580,0.398501,4.925866,1.826213
37df7968539ee617364e6ce49ef13bb8692814dd,0.037661,0.400580,0.398501,4.925866,1.826213
f4073722f13a8fc730f5659e9729bdd6f80eee56,0.004358,0.400580,0.398501,4.925866,1.826213
87a28cd44da248e680a61345d4ddac15a0e7dc96,0.046277,0.400580,0.398501,4.925866,1.826213
033e657d3c080cb6d35836002a189a32f5bbba72,0.004478,0.400580,0.398501,4.925866,1.826213
0e9b7713a34c2b42ec151b8d8f146aa42deb3e6e,0.009816,0.400580,0.398501,4.925866,1.826213
113d3945def6c9ce26daeea2461bb78e66864f49,0.065549,0.400580,0.398501,4.925866,1.826213
433a3811f31b0314c81ee277cc3f9b6df9b10d0a,0.068285,0.400580,0.398501,4.925866,1.826213
161430cf66fe18305b0eef3f37fe795c37a4eb00,0.041282,0.400580,0.398501,4.925866,1.826213
32fb601eb247fc65323628b118fd04c0e88a4a94,0.021518,0.400580,0.398501,4.925866,1.826213
9224538bff2edc2a678bc4568810e3ab3217d159,0.010358,0.400580,0.398501,4.925866,1.826213
e625ba407f08c7fb403dffb7ef09b7d1d6a1337c,0.035057,0.400580,0.398501,4.925866,1.826213
10a21f7359a236c30d526207728273fe1858f100,0.021945,0.400580,0.398501,4.925866,1.826213
01ae29edeae88440ad206abed18de2749865349f,0.028027,0.400580,0.398501,4.925866,1.826213
75bf5b0da5359cf40fa6d02030b035e53a88681a,0.008385,0.400580,0.398501,4.925866,1.826213
669ecbe7b6f3fd69360d1ede6b66761d188f60d6,0.016262,0.400580,0.398501,4.925866,1.826213
5b6a88aa023f55d6b462908d040fc4c1e18b22a6,0.053568,0.400580,0.398501,4.925866,1.826213
0fa97be4769599d08b36e002bd34944e8d8de721,0.005511,0.400580,0.398501,4.925866,1.826213
f220d9ee601a4e47c035bf356d786210114537df,0.004463,0.400580,0.398501,4.925866,1.826213
62b9bdf976fea75be3c502f767d3609b6c4d62e0,0.055797,0.400580,0.398501,4.925866,1.826213
9b62d900c88eff09a534725a15dd4134253af7ea,0.025588,0.400580,0.398501,4.925866,1.826213
73178f6605a739883ef85a532ce0c7580ae81950,0.041382,0.400580,0.398501,4.925866,1.826213
711345ac200b9885c899b2181a2752994837d317,0.011435,0.400580,0.398501,4.925866,1.826213
b73fd80d5ced7956723d2e6850366972050abd5f,0.041956,0.400580,0.398501,4.925866,1.826213
07b4121ea3367f7420a861e2237c1111224efef3,0.013347,0.400580,0.398501,4.925866,1.826213
3e04da6763940eb01a52d7185e22a0ecb655ed04,0.029620,0.400580,0.398501,4.925866,1.826213
8878ebe9da68882f445689be67627f17f317a1a7,0.005999,0.400580,0.398501,4.925866,1.826213
4e746501ea2b0244011cfe5c4afa6fb61adbb76b,0.004361,0.400580,0.398501,4.925866,1.826213
b4faf008eda49e342eeaef57197fff5894857c7e,0.003749,0.400580,0.398501,4.925866,1.826213
94f67f0d050138524e4736de6e4d55767df1a5f5,0.049704,0.400580,0.398501,4.925866,1.826213
d8125731b91a7fa293a9827cf4d836c1facafb37,0.013089,0.400580,0.398501,4.925866,1.826213
928fb05ae9ce84cb104864af5f2215254b58ee28,0.010523,0.400580,0.398501,4.925866,1.826213
cb3eff08991fd9f510184ad030b142a7aeeefc19,0.011752,0.400580,0.398501,4.925866,1.826213
b4e7ce5d5908794b2b16b115e8bf50dee5095442,0.019085,0.400580,0.398501,4.925866,1.826213
e35d7ea36a89d9f1c011449862993f6f4b16f9f6,0.024965,0.400580,0.398501,4.925866,1.826213
39c086da3a21861b0d7f3f648def612c3795fda8,0.012409,0.400580,0.398501,4.925866,1.826213
4170b24097ddee2e3b9c6822edc2c4252bba0d80,0.008613,0.400580,0.398501,4.925866,1.826213
aea7b5a2deb382ab0fa0c367c19032bbe8257b2a,0.029511,0.400580,0.398501,4.925866,1.826213
b6542787e7d9359b139e616dd3858c4952aec2de,0.011316,0.400580,0.398501,4.925866,1.826213
da847fb1fa5f2dabb4024872e4a195d35b6a8097,0.040320,0.400580,0.398501,4.925866,1.826213
25782efb0dc677dae3b28ce407699fdf51ce49cb,0.047685,0.400580,0.398501,4.925866,1.826213
d961d79d5246e341183977f26adc7d3b6c4ddd3a,0.013039,0.400580,0.398501,4.925866,1.826213
82561e6c70201b3a61cad505d1e103ec04d1df8c,0.015057,0.400580,0.398501,4.925866,1.826213
8505e237ac1fa40ec1676f2f5bbe4c56f5a86e07,0.013068,0.400580,0.398501,4.925866,1.826213
9943f40aa20f0cb9974171b1f0a4e6a62743058a,0.032651,0.400580,0.398501,4.925866,1.826213
28b4d8883ac633c286eaf8fbc3cef1f74f0845e6,0.004312,0.400580,0.398501,4.925866,1.826213
a0f259842c823cfaf18cdc0f45399ab541871625,0.012790,0.400580,0.398501,4.925866,1.826213
82c3f625765ec16982328632e992a55ed2936f2b,0.019307,0.400580,0.398501,4.925866,1.826213
77db3435b58f76de230f1a8cba8b22fa9e009282,0.019223,0.400580,0.398501,4.925866,1.826213
d117ec521f5cbd3fab2b8b21beb725ce5426b49e,0.019896,0.400580,0.398501,4.925866,1.826213
857911990da523cd654ed052a39af6cce6b807a1,0.003827,0.400580,0.398501,4.925866,1.826213
c10964db3c95e01cd68046e97d17fdb9c6ef2e22,0.017922,0.400580,0.398501,4.925866,1.826213
a2d136f3bca61843e0e533a389461926fe780004,0.008383,0.400580,0.398501,4.925866,1.826213
d17fba0de7865c929cd15873d03bd9517fb3ff14,0.034930,0.400580,0.398501,4.925866,1.826213
8735632c92a708e8e8bbc90c726dbadbcd99cded,0.012766,0.400580,0.398501,4.925866,1.826213
5bf49f97cb5de2b63f79e5eccc9e3076b2475dcf,0.020021,0.400580,0.398501,4.925866,1.826213
e072eb051549ee74c5f7be7795b5bf61e74f91ec,0.041834,0.400580,0.398501,4.925866,1.826213
b991096a563fa73f890d30b8a290ff8ecb8c49aa,0.003861,0.400580,0.398501,4.925866,1.826213
8f602bc3ae2f93b6935ed66063c10ca03d47fcde,0.056264,0.400580,0.398501,4.925866,1.826213
c50067bbdddfa340d2a77dfd6de6fae999037cce,0.004488,0.400580,0.398501,4.925866,1.826213
ba52695b71d3c892d4b51e6b06d47d81aab86751,0.011992,0.400580,0.398501,4.925866,1.826213
a786bdcb746dfe851fb0a98b6ec43e8aa1ec88c8,0.019484,0.400580,0.398501,4.925866,1.826213
fb6fe360ba1c521b5742aa6f49fc4512c479feb2,0.003806,0.400580,0.398501,4.925866,1.826213
77c96631c8623a6befa01cac5888223c24549045,0.041668,0.400580,0.398501,4.925866,1.826213
e13b3f0c5aab2efa3a2035d4f48df31ce05abe04,0.020545,0.400580,0.398501,4.925866,1.826213
ccc3cad76d5376623cdcf6682e2c5b0087a1b24d,0.019780,0.400580,0.398501,4.925866,1.826213
1a1b9f44b29a2f10ad012ce1479590f5cd38bc2a,0.006801,0.400580,0.398501,4.925866,1.826213
a75373302f6b11aef963e227a8fe281ed0e9ba00,0.010683,0.400580,0.398501,4.925866,1.826213
7813be096edc938acd72de0daebc98b477572571,0.015706,0.400580,0.398501,4.925866,1.826213
28fc44148d14a61cb531e8607bb31734e27b9f90,0.026258,0.400580,0.398501,4.925866,1.826213
562fcae40cfb79b9d8ffeca56cbff6e6d68781ba,0.027630,0.400580,0.398501,4.925866,1.826213
1e4e6012acfd3e76e50869ba22f63fdbaf9ae881,0.032457,0.400580,0.398501,4.925866,1.826213
e8ddec579f581778f5433d2804507e575ff2f6ed,0.016797,0.400580,0.398501,4.925866,1.826213
76e6197fb159cea9cd7bee68e1a01614620fd62b,0.043830,0.400580,0.398501,4.925866,1.826213
40afcd9cc89ee7a31335506e7944cb3183e21a51,0.065180,0.400580,0.398501,4.925866,1.826213
1c00a4599dbc023b8cdf67c7dcbc957cf2092e25,0.004614,0.400580,0.398501,4.925866,1.826213
eab58773c6e66ed405e36213c9524750221ecfe3,0.022216,0.400580,0.398501,4.925866,1.826213
95d497f5508f61d01958b42c070f037b0fa62ae8,0.025751,0.400580,0.398501,4.925866,1.826213
8c65edf86a855677e4c211719fb143951564ecf6,0.011652,0.400580,0.398501,4.925866,1.826213
744072e67adc0846c41c51da65d25016cb9d5b85,0.012713,0.400580,0.398501,4.925866,1.826213
8170fb523d7defb1af36685bf7cc06775451294e,0.004365,0.400580,0.398501,4.925866,1.826213
942b354f5a679a21d7efc0eb621abd2701ca5d87,0.006314,0.400580,0.398501,4.925866,1.826213
8ea63e9cd92740c49e0a95c6b82783037fb84200,0.018970,0.400580,0.398501,4.925866,1.826213
e6d5ed0c69a0882596772ef49d20399f65d8c8c2,0.021631,0.400580,0.398501,4.925866,1.826213
e7c02a3cc2df8138a9920443cd08c0a53e5d6983,0.051360,0.400580,0.398501,4.925866,1.826213
b453e1e721966048a6d4f8224e254b24073914e4,0.026419,0.400580,0.398501,4.925866,1.826213
054b682910137db6daf181576d61114bf4c9dafc,0.052566,0.400580,0.398501,4.925866,1.826213
983556e10c4794dd2787f47825554769e09c6993,0.061499,0.400580,0.398501,4.925866,1.826213
baae4df1567f90903a0d2fa0c1d0b908de137206,0.029722,0.400580,0.398501,4.925866,1.826213
13a48df93547fa048a9d0b0b5a108be98c061226,0.023986,0.400580,0.398501,4.925866,1.826213
2e42f8950171d99f067a246fa0c175c23b325c5b,0.050754,0.400580,0.398501,4.925866,1.826213
55c20cb84450c5f607cb4ce20f3c760c003354e7,0.003720,0.400580,0.398501,4.925866,1.826213
55c20cb84450c5f607cb4ce20f3c760c003354e7,0.006242,0.400580,0.398501,4.925866,1.826213
498f293180f7c370e529659c78f9b1a67152b4c0,0.027972,0.400580,0.398501,4.925866,1.826213
8a487b61ab76e2a98145a7ff4ac809126f437d7e,0.016423,0.400580,0.398501,4.925866,1.826213
94f98dcee9e6af91968abeaadf0b0263742236db,0.019148,0.400580,0.398501,4.925866,1.826213
3fa52bfbb14e9b88c4e1fbab9edf9ecd805c28d3,0.027916,0.400580,0.398501,4.925866,1.826213
6f232b9309f0c624f2b20b30b657e661b0ecb319,0.025202,0.400580,0.398501,4.925866,1.826213
894747f2ff2486a59f0e353ddcba864dbe8aa5fa,0.009721,0.400580,0.398501,4.925866,1.826213
82696d5437666618556e7ca1c858e30d9ca7a9d6,0.043758,0.400580,0.398501,4.925866,1.826213
96daa4f6c0b6d1ac2134def09097f3bf0be87fe2,0.015473,0.400580,0.398501,4.925866,1.826213
3ef20fee53396be0bc21c74d92fcd48b6bae01fd,0.008442,0.400580,0.398501,4.925866,1.826213
c68a368b45d5435de3f4843f8b3bd0c6372a5ce0,0.032377,0.400580,0.398501,4.925866,1.826213
de280c8be6ccaf30b6fae66c9686fd4ae81003c2,0.019839,0.400580,0.398501,4.925866,1.826213
736715598eb8b9005bd3b1bf002365c566db04fe,0.024023,0.400580,0.398501,4.925866,1.826213
f161fabd669223c585fc27c0f6ff22f875bec93d,0.040200,0.400580,0.398501,4.925866,1.826213
b5429abd8d0344d2973b3ce815f066538ad1f8ca,0.012014,0.400580,0.398501,4.925866,1.826213
c6aaef80914d6f965c9d2873730e589797f34f48,0.009595,0.400580,0.398501,4.925866,1.826213
a03b1048d57a014939883d27c2fcc2053d0ca512,0.006306,0.400580,0.398501,4.925866,1.826213
0c9cb49f4d2ec9a060a4337e72bb84cf74c7c248,0.004299,0.400580,0.398501,4.925866,1.826213
1f2549d11dcfebc56ee9f6486e21f2bf8e90974d,0.096173,0.400580,0.398501,4.925866,1.826213
71d524396c11274b1187871b15bebacf6af2781e,0.016193,0.400580,0.398501,4.925866,1.826213
26b5896aaa8ff6ac1a1c9d04b5787e14f10e3778,0.009783,0.400580,0.398501,4.925866,1.826213
634cf71631d7bd24eb8907ca59178a8dac3e3694,0.036397,0.400580,0.398501,4.925866,1.826213
a14778e19d222364d14aa00cfd1aa77e4ca3ca9f,0.021071,0.400580,0.398501,4.925866,1.826213
d63f39c669177747b665711ced742ef40efe602b,0.010348,0.400580,0.398501,4.925866,1.826213
5fe9b26a7a60f870afe0028dee31cd61bc648544,0.015273,0.400580,0.398501,4.925866,1.826213
4ab62e7807fd0493ab74f137e2113da7c1cfa5f8,0.049338,0.400580,0.398501,4.925866,1.826213
6c177a1a99f8ccc05098f9fd5204f0c26dce76d0,0.016800,0.400580,0.398501,4.925866,1.826213
77ff09808aa8f646bd95086c636b9719be5b3d1d,0.057562,0.400580,0.398501,4.925866,1.826213
b89b6d06b7bffbd156845a3fda66b68974a8ef18,0.011350,0.400580,0.398501,4.925866,1.826213
3845fd8900884c9a1345b1cbc36723f00e727097,0.004664,0.400580,0.398501,4.925866,1.826213
b7d7642241635dcadd5248f32433912d10134541,0.012519,0.400580,0.398501,4.925866,1.826213
30522915b2d4e57bc720ed4965bd1cb698ee93bc,0.010569,0.400580,0.398501,4.925866,1.826213
bb46a32ecea2a5096fb3e58589775989369d36e1,0.005141,0.400580,0.398501,4.925866,1.826213
aa69d857a84488ef0d4a0c066cf5f92c77d5c0e9,0.007452,0.400580,0.398501,4.925866,1.826213
fdffade47946037ddc48be2ca2b4372a6dc977be,0.047027,0.400580,0.398501,4.925866,1.826213
15b404708d0eb6b5acac0466fd2cdacd24e290ed,0.010262,0.400580,0.398501,4.925866,1.826213
c06ebe7d44961b9fdf967369d9d7280021295061,0.014279,0.400580,0.398501,4.925866,1.826213
d517cedeee0ea341b0bed1ceb192f30791f60b53,0.025693,0.400580,0.398501,4.925866,1.826213
a4e4203aee9562c8cf58f9b063a135c79d964875,0.037890,0.400580,0.398501,4.925866,1.826213
7ffa230628c73fcf017776ad22f53c6cdce32e7e,0.019447,0.400580,0.398501,4.925866,1.826213
5ce17394a9c4cd5921a68c2188627457a9acf209,0.034850,0.400580,0.398501,4.925866,1.826213
73682fad894686171976d3256a5766cbc743323d,0.007738,0.400580,0.398501,4.925866,1.826213
eccc0f07bbd9eacdcc930d6403032c282a5cc023,0.022052,0.400580,0.398501,4.925866,1.826213
638a65e577bbb8e427ddc4d51208801893091547,0.018853,0.400580,0.398501,4.925866,1.826213
92c773ae5ead429ac16b7134a82d8fe50b3ac5a8,0.033901,0.400580,0.398501,4.925866,1.826213
9359b989b663899303ee551f638b88b56fc76e8e,0.031128,0.400580,0.398501,4.925866,1.826213
01ae6b2c7b4f35ad7e7d760e3d6f9acb1c98d4c0,0.009834,0.400580,0.398501,4.925866,1.826213
1c669a489e0bf78a2f8138605f94bfbd2c9f1ad5,0.046342,0.400580,0.398501,4.925866,1.826213
191fffb4ff8e5e5f9ad8663c94022eb62c5fa06b,0.004558,0.400580,0.398501,4.925866,1.826213
aadc505ee93113ead4575ae6ca73ee0315b24f4a,0.027646,0.400580,0.398501,4.925866,1.826213
8a57c4e21d5a7dda3e3d8573cefdf03712a61895,0.004153,0.400580,0.398501,4.925866,1.826213
aac158af28f08db61cf4956d70bc356d83da7089,0.030123,0.400580,0.398501,4.925866,1.826213
7ce51631f10bc07e5ad850ac70e616cb5da67081,0.035564,0.400580,0.398501,4.925866,1.826213
6e370b71ff344d5c01fa239ffe904f5b8a0ad505,0.016666,0.400580,0.398501,4.925866,1.826213
014f1a16b4bc2422c183b24a8016337b1140e66e,0.019358,0.400580,0.398501,4.925866,1.826213
c00d86f8678b01ee955257e37959c9306d1265fb,0.015715,0.400580,0.398501,4.925866,1.826213
e4318a8bff874b694c631a85288ef2ac81b52800,0.046984,0.400580,0.398501,4.925866,1.826213
b53bac325d60419112455daff767ff64c404a098,0.012434,0.400580,0.398501,4.925866,1.826213
39da308b4ac41881f005e32b47c3ebb47c238ed5,0.020998,0.400580,0.398501,4.925866,1.826213
9168add2c95def6620f53154b6e76278bac2e920,0.013552,0.400580,0.398501,4.925866,1.826213
a6a59f4289ab5dd7d1d307cbce8f68612b11f5e5,0.007801,0.400580,0.398501,4.925866,1.826213
55fcd10d5caa9abdae55d8bcfe284c9fc9d14ddd,0.023608,0.400580,0.398501,4.925866,1.826213
6bc49cef9771c84f1046b6cb4e0f39c427afdc0a,0.007693,0.400580,0.398501,4.925866,1.826213
900d0b5f5aa4f61b69339bf0d4bbcdf3fe7cdb84,0.009662,0.400580,0.398501,4.925866,1.826213
0de4ab670ee8e084f9c56a00480e279f5350cab2,0.006275,0.400580,0.398501,4.925866,1.826213
d075567e0bfa3d64e6bc96541afa76ad4cc721f2,0.031973,0.400580,0.398501,4.925866,1.826213
2200d976f052a0a98ae64e264f63174ca328a3f2,0.023216,0.400580,0.398501,4.925866,1.826213
25ab085158df7eedd775ac63a8c9bcc76bc89ec2,0.008188,0.400580,0.398501,4.925866,1.826213
62d9af7db6a84eb398d090bce7ea652c7703bf69,0.004703,0.400580,0.398501,4.925866,1.826213
18bdc1c568d6405c3b6816eabc4559e8fc98a00a,0.014165,0.400580,0.398501,4.925866,1.826213
96fef358d4982c38505a14066b6bbbe8b9318d91,0.007175,0.400580,0.398501,4.925866,1.826213
eb8a2c94ece2f3a7ba527174ca00eaaafd807be8,0.003822,0.400580,0.398501,4.925866,1.826213
210a11c2565d581ae08237fbba3339f4805eb190,0.032663,0.400580,0.398501,4.925866,1.826213
afefe0b32672b5a6c008c931165d93712369bed3,0.030548,0.400580,0.398501,4.925866,1.826213
4eebf9bfb1b1a09746704c66bd065a7d86985a45,0.004604,0.400580,0.398501,4.925866,1.826213
51d4310c6feeb1ace394cc577dac06f22b6e1a75,0.007203,0.400580,0.398501,4.925866,1.826213
3bde2bf97b2f9e4a34eec86a8db254259439e2c2,0.011286,0.400580,0.398501,4.925866,1.826213
c021b59101f5f219b58ced5d7b9158c8cbdd3e21,0.012484,0.400580,0.398501,4.925866,1.826213
52fc4c57515848609100ba920a6fb08150e01e2b,0.066280,0.400580,0.398501,4.925866,1.826213
77ec530a699d5925ff4019fd0b552a37dc658c0f,0.007016,0.400580,0.398501,4.925866,1.826213
db845fa926ba801bdb09da21732cf6f6ee0f0d47,0.014240,0.400580,0.398501,4.925866,1.826213
fb0c3f8fe898bfbf03f59870c6fa30eabbe06b8a,0.017310,0.400580,0.398501,4.925866,1.826213
aaf5c23959c272651a5f58c0c9c61b07573facbe,0.016590,0.400580,0.398501,4.925866,1.826213
a509d4c1c7bdb16ae8e7887e2caa047a1bd92e21,0.020358,0.400580,0.398501,4.925866,1.826213
18b9a7883b40c3f7640c734abbcd8744c01f69ea,0.029305,0.400580,0.398501,4.925866,1.826213
867ec2fc53b2ebb1cc7d06b9046ed72fd1a12b46,0.012309,0.400580,0.398501,4.925866,1.826213
193ac024a4bd1125ea132bb4c0c2c0a6cbf2680c,0.026448,0.400580,0.398501,4.925866,1.826213
770020fa222ccf8600423804257fc3dcb8cbcd00,0.023351,0.400580,0.398501,4.925866,1.826213
af915821f33fd661349865d5668de57c53d13e01,0.037835,0.400580,0.398501,4.925866,1.826213
af915821f33fd661349865d5668de57c53d13e01,0.158870,0.400580,0.398501,4.925866,1.826213
797041a86cd0155b0c357a6f21d64933014e5d8b,0.022175,0.400580,0.398501,4.925866,1.826213
1718399c1a00af49a894bfb9d00a3c223fc65c7b,0.059647,0.400580,0.398501,4.925866,1.826213
0240e194e97cb64225a6f69f65ffc71340ac48f6,0.006403,0.400580,0.398501,4.925866,1.826213
7c5f6c0e4c8f5543930984b61f4979b55c336266,0.042922,0.400580,0.398501,4.925866,1.826213
a7fda94892d156f17ae32e5c9234512b166e8aff,0.032355,0.400580,0.398501,4.925866,1.826213
a316327ac5c2d610d3ec03b9f4190ab4ec9ab1c0,0.051730,0.400580,0.398501,4.925866,1.826213
8b3c6561fcd15c526e5785d266850dd1d01c36d4,0.010035,0.400580,0.398501,4.925866,1.826213
45d05ab96ee91acdfd3c1bd03af5e66438cb5be2,0.012596,0.400580,0.398501,4.925866,1.826213
5a8c45f390faa818a1b21f46be55e1faed4e4515,0.033617,0.400580,0.398501,4.925866,1.826213
1a9319be77732657c4551ac978565316d1ee6599,0.056057,0.400580,0.398501,4.925866,1.826213
50249f6e0aedb3edaa8c055efddc46d26663748a,0.049853,0.400580,0.398501,4.925866,1.826213
ff50c2131349d87a2d8f46ddb789ba1085b048fd,0.024460,0.400580,0.398501,4.925866,1.826213
3c02ca88b457d9c70e021646965d430ef724fc9c,0.027154,0.400580,0.398501,4.925866,1.826213
2d8677f953bcad53a51c5ee72b61ff4a71897aad,0.038826,0.400580,0.398501,4.925866,1.826213
e473f70be46e583f3bb6f50d72a7f740c7b0ea33,0.044716,0.400580,0.398501,4.925866,1.826213
9f05c114f8c9a5ec9f7973ffd54996795818b3f0,0.027532,0.400580,0.398501,4.925866,1.826213
395c2e8e2ba8a4bddfc2d62c97db7c2dc2781fcf,0.019450,0.400580,0.398501,4.925866,1.826213
4a3975f3d8e7c82ef4f4cc193980bd29804fe23c,0.036189,0.400580,0.398501,4.925866,1.826213
527ed3437cc4229ccaccfc00613022fa9bb5aa20,0.032198,0.400580,0.398501,4.925866,1.826213
d9acd6c0458a5f4ade4db41460834731cf16708a,0.074446,0.400580,0.398501,4.925866,1.826213
e0c217d6dfeb37111ee6603cac34079fbe2d728a,0.023011,0.400580,0.398501,4.925866,1.826213
fe4c2582318fec79c239a5ea547f8270a7ad2f9d,0.016589,0.400580,0.398501,4.925866,1.826213
8b2ca2af0fbb0ed7620ea34d9f03a6ae4443e161,0.068062,0.400580,0.398501,4.925866,1.826213
4a23653c23174ad4442a1e48a120ba4cee55fd63,0.005823,0.400580,0.398501,4.925866,1.826213
0cd593f13063431c7b76cac7b6825781c6f7ca9a,0.053766,0.400580,0.398501,4.925866,1.826213
18f6e62bf0cb9b3e54e5f7b319dd3e1e0c76df1c,0.004433,0.400580,0.398501,4.925866,1.826213
bda7451ce8cde0eacf06f36e0485a86f5bcca435,0.008593,0.400580,0.398501,4.925866,1.826213
c2696a04a263d456e6528112e0d12d26f2a0ec3b,0.050448,0.400580,0.398501,4.925866,1.826213
6d1dda8a1d0dd3da1b03702c5eb56323a2fcd807,0.014601,0.400580,0.398501,4.925866,1.826213
5f8d5541e8ce001709df5dfba5e6dd7f8b4a9c7e,0.042844,0.400580,0.398501,4.925866,1.826213
b2a8956e606ba3a34928e55f165be757bc91826b,0.026683,0.400580,0.398501,4.925866,1.826213
6168d9c21c47b88a913c7283e8dc3717c030a27d,0.007101,0.400580,0.398501,4.925866,1.826213
c3d3906a918d661c54918708135e2448c2fcbc87,0.020856,0.400580,0.398501,4.925866,1.826213
5576ecf2c3f303769a545947bac135049d8da095,0.060373,0.400580,0.398501,4.925866,1.826213
b7fe3bce407669d53b26cb173795b8cdd22328ce,0.013099,0.400580,0.398501,4.925866,1.826213
87a6f5b042c69138ea9a38aeefd3d2b781bc04bf,0.022607,0.400580,0.398501,4.925866,1.826213
fbad80e86bfc1d28edd3b31aded2bb693aeedaaa,0.079074,0.400580,0.398501,4.925866,1.826213
2eb983342bfda3520aef3babfaddcfed7f0609f0,0.039687,0.400580,0.398501,4.925866,1.826213
6cd6c30a5dc1f39893eba11cbda080a069275aee,0.030223,0.400580,0.398501,4.925866,1.826213
aa13538fdfc0dda14619426764c7c96544ee5209,0.027584,0.400580,0.398501,4.925866,1.826213
9aabbdb211c7e7bbab520ca1819ad9f06cbc7552,0.021244,0.400580,0.398501,4.925866,1.826213
24ac2f518d489356837c6469d417e02c9d923b86,0.061578,0.400580,0.398501,4.925866,1.826213
5e7d3c965feb473e0de39bd4df548a43c6952582,0.024800,0.400580,0.398501,4.925866,1.826213
0ac341aa1ae80d9dbb4b100a811f18b3db0985da,0.029661,0.400580,0.398501,4.925866,1.826213
2f7e997eef4d1a8f316b65acbc197366ed5eb06e,0.033425,0.400580,0.398501,4.925866,1.826213
b5cb57d409fb8b11b2893615d69a8f634869b908,0.021858,0.400580,0.398501,4.925866,1.826213
2b04cff04d6d5eb41d84b89f9814926911d62fae,0.023769,0.400580,0.398501,4.925866,1.826213
85d6de989d5d1847b1fb76850a41f4edc2848bec,0.023182,0.400580,0.398501,4.925866,1.826213
ff9bd5b41e7f14080a5d375d3319b3e17ef87904,0.032299,0.400580,0.398501,4.925866,1.826213
6ade898d6b1fda34df0cc9631c29522adceb96ac,0.051855,0.400580,0.398501,4.925866,1.826213
61af784f293168ab0a976395982e13d9959a55f8,0.043669,0.400580,0.398501,4.925866,1.826213
86a78a5d8b5170308e5e170d5e62a192734f29ec,0.047706,0.400580,0.398501,4.925866,1.826213
3d93ce82cf17670c9f330da57cb7149c51b14210,0.032361,0.400580,0.398501,4.925866,1.826213
f1d981be853653048446a615515b13cbcb7c541a,0.022562,0.400580,0.398501,4.925866,1.826213
5d1d437ba88f851fc2f2a31d3e51f6ce29b6ae03,0.011595,0.400580,0.398501,4.925866,1.826213
755ba4f00ec8acca06ac682de760941da6940f48,0.024242,0.400580,0.398501,4.925866,1.826213
1ccb8ebea75b89fcf059e4dc1ecb73a324426ac4,0.038599,0.400580,0.398501,4.925866,1.826213
bc563c22d696bc10418fcd7d529261d090e31f36,0.046108,0.400580,0.398501,4.925866,1.826213
7bf8a6bb341e59e6ddc69b0cfdeda1baa55be3a1,0.031782,0.400580,0.398501,4.925866,1.826213
c55c1f4ba9338f2171b264b88e6e29a2aa0ef086,0.013541,0.400580,0.398501,4.925866,1.826213
3f4664da08c24280f692894d740a9f5db013bae2,0.055668,0.400580,0.398501,4.925866,1.826213
8878774365371ea912e5abea1a5dd7b8bd284146,0.035584,0.400580,0.398501,4.925866,1.826213
4964ae7a7edf7ee60af9cf095aeda4358ba8f410,0.017034,0.400580,0.398501,4.925866,1.826213
d3b4e4fde4ce58d9ee16307f0c8a69a69b1920da,0.019103,0.400580,0.398501,4.925866,1.826213
b9087e5c8a1a76d2ce0076ef8c420835d7b39f20,0.034546,0.400580,0.398501,4.925866,1.826213
97f0c3a6c41caa7e05eb91a402bce1ce1fb30602,0.003761,0.400580,0.398501,4.925866,1.826213
8a2c1662b740a428809ce52f9101887070d3f20c,0.012906,0.400580,0.398501,4.925866,1.826213
fd425f6978e4f9943338988c230c5cb9204260d2,0.120827,0.400580,0.398501,4.925866,1.826213
4e78abdebaf84a5ae6bc04431af28799892ef0a2,0.053193,0.400580,0.398501,4.925866,1.826213
f6c39694738ce3dce0be54d3e2956991d30a9a3e,0.053383,0.400580,0.398501,4.925866,1.826213
efd6b06c7d696f7b043eca3b7ef82660babc81e2,0.021151,0.400580,0.398501,4.925866,1.826213
87c8664d1a3b350ab91694f87caaf631e33a6944,0.052675,0.400580,0.398501,4.925866,1.826213
b1b2cc1fb11e82105dda68628b438f248170ffc5,0.036961,0.400580,0.398501,4.925866,1.826213
74ed8f4371d7f3f25488ddf7748890eba2d125f1,0.034362,0.400580,0.398501,4.925866,1.826213
8782723e3a257dbb1e08e4933b2b2d69cf5444e8,0.004680,0.400580,0.398501,4.925866,1.826213
ea59b840757b5849fefc2bb6f1da48dc9b712b67,0.050872,0.400580,0.398501,4.925866,1.826213
185358343a7aee959c545410a5e631c9c13a33c9,0.016652,0.400580,0.398501,4.925866,1.826213
0b41a2d7a99a34360e0cf4dfddb35595e566ae28,0.020460,0.400580,0.398501,4.925866,1.826213
a1c29c92d4063b3e8682d3d8ac9c6d8271289667,0.006772,0.400580,0.398501,4.925866,1.826213
52555de4e042adabcce412baccd3fc8aa27402a2,0.043716,0.400580,0.398501,4.925866,1.826213
dd4613adaea2953e2174c9b125543d86502261f4,0.033933,0.400580,0.398501,4.925866,1.826213
afc4a031aa977dd5f5134d72b3f8a524bf00693a,0.014101,0.400580,0.398501,4.925866,1.826213
70316d3f81ebe2d2b3b32c4bce5dc98bc1e44c6d,0.009536,0.400580,0.398501,4.925866,1.826213
4a76a34de552314db1ca9431dd7e48a1394e476d,0.014811,0.400580,0.398501,4.925866,1.826213
0f4b1f0b64b1cb5102e51f214138c167553e074c,0.047851,0.400580,0.398501,4.925866,1.826213
c49789b8282aa0be5d292de42a5c1db24c9e2849,0.036042,0.400580,0.398501,4.925866,1.826213
ae49d5bdce78c2a93d17cc5c5d5e61c09e857900,0.012147,0.400580,0.398501,4.925866,1.826213
365dadda52a42c1d29538e06f5e3dfe698d11e18,0.022336,0.400580,0.398501,4.925866,1.826213
0610e2bb4d3132903c0be2a95d5418360e59999d,0.007484,0.400580,0.398501,4.925866,1.826213
1cff3d388247717284e40e3f9be389b85acda524,0.004750,0.400580,0.398501,4.925866,1.826213
bf68b538e8fe251303fc0f7469aad6e8bf56a1d0,0.008253,0.400580,0.398501,4.925866,1.826213
f202342acfbad3bac360800cdb409c0bd5905774,0.039399,0.400580,0.398501,4.925866,1.826213
ed8ebeea07daeedce809893fd509efc7debce1a8,0.012757,0.400580,0.398501,4.925866,1.826213
8dfe631489c0dce50d0ce405bfdf0ed1d3adf7a8,0.018765,0.400580,0.398501,4.925866,1.826213
6fad3d54d8c7ffd4ba328ab2241a146710317d3a,0.022798,0.400580,0.398501,4.925866,1.826213
bc9ad28741cab0cf38748041290926c2c17b7130,0.003730,0.400580,0.398501,4.925866,1.826213
543bc78aec0694059db5cddb61278d12a5392299,0.011837,0.400580,0.398501,4.925866,1.826213
0f3d93f7e62730d8c61aa7e1a5f6bb184743f8e3,0.005678,0.400580,0.398501,4.925866,1.826213
a5b8a84c2f39a24f6b64e94a418f5e06e6662614,0.011611,0.400580,0.398501,4.925866,1.826213
c41fe29b5baa5aa56d0afae0178548955444e810,0.019196,0.400580,0.398501,4.925866,1.826213
d6b91383797f4cc731f598712a72bd68ec7d3b88,0.005907,0.400580,0.398501,4.925866,1.826213
ab882dfaead8f90677ad56806b690355c6405e0d,0.016227,0.400580,0.398501,4.925866,1.826213
bcecd31e6f766f5e83c7204bd80d1aabb35197e8,0.008495,0.400580,0.398501,4.925866,1.826213
1aea8d2cf34163cc9197f82e6d76784e0761eafe,0.039855,0.400580,0.398501,4.925866,1.826213
1ac53fc93777df4e6f34654e749d6d25d4623f70,0.021602,0.400580,0.398501,4.925866,1.826213
fb69f69673ba50e601ceeff03f131b93fd29c938,0.012901,0.400580,0.398501,4.925866,1.826213
92815c17a38357b6d89de502f4a57b8a51a74f5f,0.030483,0.400580,0.398501,4.925866,1.826213
fb7a0486220c9fce05d03e3a1dfac8ff90a58482,0.007354,0.400580,0.398501,4.925866,1.826213
3ce1d69f450bf1ddf46994810883cc9eea87fcd6,0.016235,0.400580,0.398501,4.925866,1.826213
8206495414ec0be5cce865480be9440c3ba9bcc9,0.011335,0.400580,0.398501,4.925866,1.826213
be48c63fbe0c9c3a8d659caef309e1b1db9bfa31,0.003746,0.400580,0.398501,4.925866,1.826213
051a4bf9fe6d47436b3f0a8172ddc378a8068690,0.047684,0.400580,0.398501,4.925866,1.826213
dd9de04d19f54f80460275a009b30ea21e2ce1ba,0.005011,0.400580,0.398501,4.925866,1.826213
401aef4379bd914dca840e51c13034c0e5d215d9,0.043795,0.400580,0.398501,4.925866,1.826213
c9d142c032ef5ad7ae1fb8db9c61e02f5f0ac186,0.006791,0.400580,0.398501,4.925866,1.826213
918eb56022c48fd4eca8f498389ca440ec229643,0.010110,0.400580,0.398501,4.925866,1.826213
edfcd5d6ec82a911ecdb9f38ba9878371a80e934,0.024667,0.400580,0.398501,4.925866,1.826213
2f1bc445fc0b332190fe6e13be30c1925725d32d,0.028242,0.400580,0.398501,4.925866,1.826213
80a5baa894aeff794958c86f8c526be0ebd6a24d,0.012199,0.400580,0.398501,4.925866,1.826213
