version,time,inertia,homo,compl,v-meas,ARI,silhouette
1c7168d3982af969400c59acc44b97b536320137,0.720619,69683.156271,0.680690,0.719774,0.699687,0.571574,0.147889
5a58e56826fc0662ef6dad0f3c52451121ecc39e,0.801400,69683.156271,0.680690,0.719774,0.699687,0.571574,0.147889
5d3bb933e047eccfa81543501dd9d7f9923dc6f2,0.679287,69683.156271,0.680690,0.719774,0.699687,0.571574,0.147889
3fbd3b9ade93ddc049c9ffc0394b2ed4acb4bac5,0.668007,69683.156271,0.680690,0.719774,0.699687,0.571574,0.147889
861ac1371355101917781a001a59f2b7625839d2,0.804520,69683.156271,0.680690,0.719774,0.699687,0.571574,0.147889
744d161d371b24f6bfab83f6913f9ab14a1ee7ca,2.827763,69683.156271,0.680690,0.719774,0.699687,0.571574,0.147889
7fe71c18ab3d542a396c9fb33a6ced81b3cc0ca9,2.345924,69683.156271,0.680690,0.719774,0.699687,0.571574,0.147889
bde22705b5d1efff20a6de44718c65aeedad8ac3,2.284649,69683.156271,0.680690,0.719774,0.699687,0.571574,0.147889
3891af8d99b290894861b61b0d985faa03053174,2.924795,69683.156271,0.680690,0.719774,0.699687,0.571574,0.147889
3c8210f752f256e098f4017955a1e2232f425618,2.626548,69683.156271,0.680690,0.719774,0.699687,0.571574,0.147889
ee071e00b2f66022d11f5d78640ff9bd8ec97c2d,3.337588,69683.156271,0.680690,0.719774,0.699687,0.571574,0.147889
cb4c935834ad16672de37373eca08751a4bb9630,3.500817,69683.156271,0.680690,0.719774,0.699687,0.571574,0.147889
b52bae49b1c74d9c4f09a21963c63e980c356fb3,3.584798,69683.156271,0.680690,0.719774,0.699687,0.571574,0.147889
b52bae49b1c74d9c4f09a21963c63e980c356fb3,2.417122,69683.156271,0.680690,0.719774,0.699687,0.571574,0.147889
587315e3a9a750e45d4ea17becaa97ef2a3bdb6c,2.906913,69683.156271,0.680690,0.719774,0.699687,0.571574,0.147889
587315e3a9a750e45d4ea17becaa97ef2a3bdb6c,1.932261,69683.156271,0.680690,0.719774,0.699687,0.571574,0.147889
f7254854279c008b68689d93cc38791ecc8e4b30,3.763901,69683.156271,0.680690,0.719774,0.699687,0.571574,0.147889
1f48814799a52be31c54399be0c9a9c31c7632b2,3.483701,69683.156271,0.680690,0.719774,0.699687,0.571574,0.147889
3c988d5d1c039343e5a2a1d419b88c62b638b66f,2.304823,69683.156271,0.680690,0.719774,0.699687,0.571574,0.147889
290e0ea6f29fd23fc4f58beff9735c9f9101f88a,2.177139,69683.156271,0.680690,0.719774,0.699687,0.571574,0.147889
7ad90f5a3385d6ee2eafc5bb58684d836a2b87bb,2.643203,69683.156271,0.680690,0.719774,0.699687,0.571574,0.147889
d439dc4d9e8267dbcf640cbe4be94e818586deed,4.114813,69683.156271,0.680690,0.719774,0.699687,0.571574,0.147889
c45075123a9a35a8e68abe22f0fed21d6f0630db,2.226668,69683.156271,0.680690,0.719774,0.699687,0.571574,0.147889
4d0ba3ca586b299c8b83a8112ac849270780db1f,3.132604,69683.156271,0.680690,0.719774,0.699687,0.571574,0.147889
ec8fbefcb9bdc1abe8130ffa2fb5936836024e23,2.775207,69683.156271,0.680690,0.719774,0.699687,0.571574,0.147889
c9888a6f8d226123c03da4f934b4a1b9b8c132cf,2.018910,69683.156271,0.680690,0.719774,0.699687,0.571574,0.147889
7d4755e31755280fa62639d7f603b8a97731174f,2.864274,69683.156271,0.680690,0.719774,0.699687,0.571574,0.147889
405c71780f6d22c02189e0672ba8c306a166b4b6,2.524474,69683.156271,0.680690,0.719774,0.699687,0.571574,0.147889
be21b6a5b0ec854c7e4778ca8b93c1813913f283,3.153743,69683.156271,0.680690,0.719774,0.699687,0.571574,0.147889
bc02bd524373232718bb2690b844dd0cd6439c4b,2.942196,69683.156271,0.680690,0.719774,0.699687,0.571574,0.147889
317281bf22d66c04c4723268f1b0a1b18c24fc1c,3.369731,69683.156271,0.680690,0.719774,0.699687,0.571574,0.147889
f6d605ff96da6a21c22912b832881be401e19cec,2.260214,69683.156271,0.680690,0.719774,0.699687,0.571574,0.147889
b6a5ed2aab10a7f1e8ffe6463b027a74e4713791,2.437061,69683.156271,0.680690,0.719774,0.699687,0.571574,0.147889
ebf8d3ae2d92698aa22db3dbd0a3845626a468ae,2.330312,69683.156271,0.680690,0.719774,0.699687,0.571574,0.147889
7c69c552663ec29de37d82acdfcd911c040d14b8,3.899167,69683.156271,0.680690,0.719774,0.699687,0.571574,0.147889
65aee0c46f1fdc0a32b4e82161dbfd8e1e197140,3.171209,69683.156271,0.680690,0.719774,0.699687,0.571574,0.147889
3697d755c4f30ac9bb52e8fc92a9dcc268c54db0,2.795812,69683.156271,0.680690,0.719774,0.699687,0.571574,0.147889
ee0fd9aa963c8c118785304b5ac59c85e3f60fcc,3.314751,69683.156271,0.680690,0.719774,0.699687,0.571574,0.147889
8e0f337221cf0af4cc74d5470443198d03fdd716,2.370685,69683.156271,0.680690,0.719774,0.699687,0.571574,0.147889
1eb9bed151a305f9c90bb5aa6dfb44add9b1657e,3.054153,69683.156271,0.680690,0.719774,0.699687,0.571574,0.147889
888a1848ca1b4b7a6932ea0f79db7660112b8fd4,2.540748,69683.156271,0.680690,0.719774,0.699687,0.571574,0.147889
08b72539228cec5dd31a22600eaeb20590dff042,2.774165,69683.156271,0.680690,0.719774,0.699687,0.571574,0.147889
0cb93b099698d0f5f64e36acbd3bb43d977754bb,2.700757,69683.156271,0.680690,0.719774,0.699687,0.571574,0.147889
7a2e2d853682a2c11ae930e8a3a3e74dbb670d7b,2.812507,69683.156271,0.680690,0.719774,0.699687,0.571574,0.147889
718a7df4c50d12f8351763784ffb50389757b4c0,2.421692,69683.156271,0.680690,0.719774,0.699687,0.571574,0.147889
b18f2951e4be3ce293a9d0bb61d4ca3be19496ca,2.744251,69683.156271,0.680690,0.719774,0.699687,0.571574,0.147889
bad3dd6b93790a8aeaa13894ffed50a6294a36f5,2.845093,69683.156271,0.680690,0.719774,0.699687,0.571574,0.147889
4bcfedb8139bc23e03afe15edb60c9f1444ca403,2.285099,69683.156271,0.680690,0.719774,0.699687,0.571574,0.147889
95d4e23e0b0d5e4f81b35929bbe0e60dab61150f,2.831295,69683.156271,0.680690,0.719774,0.699687,0.571574,0.147889
62633f701b80c03bc09acdb3110070ef04f82824,2.324869,69683.156271,0.680690,0.719774,0.699687,0.571574,0.147889
5db2adf93ce1625bc112767c44c0e2385e91524a,2.553965,69683.156271,0.680690,0.719774,0.699687,0.571574,0.147889
6a88fb6b24e91e3a948c61322ff3d5ab0d675c84,3.958913,69683.156271,0.680690,0.719774,0.699687,0.571574,0.147889
8b78293105b2d4031ed5a509b1d4f453fbeefd34,2.120774,69683.156271,0.680690,0.719774,0.699687,0.571574,0.147889
f634bc2da07162123e74c77da6af3f1953719f53,2.800091,69683.156271,0.680690,0.719774,0.699687,0.571574,0.147889
7b3da77ca082e0871ae16830b85be1cf37f478c5,3.103662,69683.156271,0.680690,0.719774,0.699687,0.571574,0.147889
52a6acc15ce4952d602d053f194e0f316bfd3df8,2.861300,69683.156271,0.680690,0.719774,0.699687,0.571574,0.147889
3bfbe79fa0806785604de1995ab5118e91957168,2.683718,69683.156271,0.680690,0.719774,0.699687,0.571574,0.147889
52d0c89ee569a20b153a153bcf7d9cefe5498bef,2.742831,69683.156271,0.680690,0.719774,0.699687,0.571574,0.147889
fffa98ad1f2636ca734a2901193685449521cc6a,4.173396,69683.156271,0.680690,0.719774,0.699687,0.571574,0.147889
eea5ba3d7f801a9c65efb648bb5c0b03ed45571a,2.917708,69683.156271,0.680690,0.719774,0.699687,0.571574,0.147889
c657d77c3c9831044a0cc8d1254043abcd7d1616,3.683797,69683.156271,0.680690,0.719774,0.699687,0.571574,0.147889
011dcd2c042b3c048af591e08be009c4dbeaa5c4,2.364443,69683.156271,0.680690,0.719774,0.699687,0.571574,0.147889
ef4faf69ca9d2156b4031cd9f2c8193c319136b8,2.392144,69683.156271,0.680690,0.719774,0.699687,0.571574,0.147889
7f820269b8c4c1aa80795b709a7940c053835f17,2.457362,69683.156271,0.680690,0.719774,0.699687,0.571574,0.147889
34c8399be19082d5edfb418ab605c0c644036d8b,1.796271,69683.156271,0.680690,0.719774,0.699687,0.571574,0.147889
d62e3168824bdf04958a610655b44d87abef7867,3.410909,69683.156271,0.680690,0.719774,0.699687,0.571574,0.147889
6df1fe27c103f3bb735380a0dbb116c6c85fab00,2.658904,69683.156271,0.680690,0.719774,0.699687,0.571574,0.147889
a5860a1df21228989bbd8b5d601c18fc12e6550a,2.826612,69683.156271,0.680690,0.719774,0.699687,0.571574,0.147889
b1a1aa8395896a640eb0d5e948943095db1d6027,3.088409,69683.156271,0.680690,0.719774,0.699687,0.571574,0.147889
7745319e337213fa9c419b280697e0fbfe9375c3,3.636031,69683.156271,0.680690,0.719774,0.699687,0.571574,0.147889
b4e746bb5cce8dbce87c1de7b09d5c9f56a9233f,3.057674,69683.156271,0.680690,0.719774,0.699687,0.571574,0.147889
92068ef7de92752ab14a1e601e021cda4a51149d,2.746973,69683.156271,0.680690,0.719774,0.699687,0.571574,0.147889
b066e37462bb7b4610350dccc3194dc278b8b885,3.707841,69683.156271,0.680690,0.719774,0.699687,0.571574,0.147889
b7acd76b5057a5cb439d55f4fd44ca0dbcb2af75,2.659423,69683.156271,0.680690,0.719774,0.699687,0.571574,0.147889
ca0c84c9d741d3a7183a5d9a519feecbb15a191a,3.118929,69683.156271,0.680690,0.719774,0.699687,0.571574,0.147889
17eb0b697a8e479bf0de8fb2d95e1f4a8eab4bab,2.266514,69683.156271,0.680690,0.719774,0.699687,0.571574,0.147889
9865e9acae8f1a5c0282683a0b856f57241e5dcf,2.977598,69683.156271,0.680690,0.719774,0.699687,0.571574,0.147889
18f4a291142ed7bfc9e8656c7ca2c5547a20e1f8,2.668567,69683.156271,0.680690,0.719774,0.699687,0.571574,0.147889
904c667570355d5ec574c9075df8d012cc8218e2,3.782793,69683.156271,0.680690,0.719774,0.699687,0.571574,0.147889
baf4ade61ffd5908b48238967194361d5909a5f7,3.065226,69683.156271,0.680690,0.719774,0.699687,0.571574,0.147889
74c09e512ffc1cacd1c5524cea3cfb5cafbeba6c,2.172794,69683.156271,0.680690,0.719774,0.699687,0.571574,0.147889
eaf97bf4ea0647ea7aba3cf2ad3620acac0b8f90,3.401022,69683.156271,0.680690,0.719774,0.699687,0.571574,0.147889
53bf94cdd686e41195d2ef4d9fbc3c7e83be48c1,2.154154,69683.156271,0.680690,0.719774,0.699687,0.571574,0.147889
abc032c8f576a879e7c09e4e852b5363611d9ad5,1.768215,69683.156271,0.680690,0.719774,0.699687,0.571574,0.147889
627e2622545747a3a45a010e5010af9dae6e0bc4,2.609131,69683.156271,0.680690,0.719774,0.699687,0.571574,0.147889
d4e9d7991af3d036bb50e44b4356ff5f9bee559c,2.210703,69683.156271,0.680690,0.719774,0.699687,0.571574,0.147889
bc15ceb84d1e73b1ac917355da509fc68bb4fd79,3.016100,69683.156271,0.680690,0.719774,0.699687,0.571574,0.147889
d271708aeec79320218727cc0ce61d51a45744e8,3.547771,69683.156271,0.680690,0.719774,0.699687,0.571574,0.147889
9758e25735e3566c525172f0e6c98c02d58483d4,3.091803,69683.156271,0.680690,0.719774,0.699687,0.571574,0.147889
056b02977b796450e7a6bc1ef5ca02f7f7b156e9,1.688756,69683.156271,0.680690,0.719774,0.699687,0.571574,0.147889
69a09f66c25cca9e48b350dec66e1a8f522f04fe,3.508196,69683.156271,0.680690,0.719774,0.699687,0.571574,0.147889
f24d94aec4715f4fdfa212a4a0467d94aff05914,2.985824,69683.156271,0.680690,0.719774,0.699687,0.571574,0.147889
857cb0925434b7708fc309a9df646c0583bb25b4,2.596479,69683.156271,0.680690,0.719774,0.699687,0.571574,0.147889
ef5a5c44dedafc36f0c9c6c132eeb28d39785863,2.493887,69683.156271,0.680690,0.719774,0.699687,0.571574,0.147889
f6b85d94eb55903ad20672f50a64692fce3509d7,2.657600,69683.156271,0.680690,0.719774,0.699687,0.571574,0.147889
61ae8d56c4af2495aa685518bcab357191a52f19,2.028777,69683.156271,0.680690,0.719774,0.699687,0.571574,0.147889
74cfca88cf5171af42166e57eec233532ca04779,1.796868,69683.156271,0.680690,0.719774,0.699687,0.571574,0.147889
b910ab8cce8973e3c2bd2c14a2b22045332989f9,3.477876,69683.156271,0.680690,0.719774,0.699687,0.571574,0.147889
5c697badbc9eedc76a92fc36de75eb34335a5997,1.844039,69683.156271,0.680690,0.719774,0.699687,0.571574,0.147889
cea3f29e0f3c55138933dbdcd5b59026550a4425,3.734302,69683.156271,0.680690,0.719774,0.699687,0.571574,0.147889
edc4a651c6b8f70d23b61dd1b5d502e044fd0ba7,2.573043,69683.156271,0.680690,0.719774,0.699687,0.571574,0.147889
2649598c6487d0e3032e249706ae72f9d536d8fa,1.811142,69683.156271,0.680690,0.719774,0.699687,0.571574,0.147889
3957fc3b343c6057f933f91c3f701ff415cf500b,3.433412,69683.156271,0.680690,0.719774,0.699687,0.571574,0.147889
c3a41a310f689da2ea54c8f710b43480f1120041,2.742555,69683.156271,0.680690,0.719774,0.699687,0.571574,0.147889
8f77ced609c9d90281338676db6cc6df75c93324,2.857244,69683.156271,0.680690,0.719774,0.699687,0.571574,0.147889
e2a340a4ee1fa16a5ee2913f66b5ebf6e61dd391,2.917274,69683.156271,0.680690,0.719774,0.699687,0.571574,0.147889
2dd1f285b95c681d2dd6aa41d7c625ad53e235fa,3.253737,69683.156271,0.680690,0.719774,0.699687,0.571574,0.147889
213a6be54007405fdec0335fa848fc9060f9004f,2.024306,69683.156271,0.680690,0.719774,0.699687,0.571574,0.147889
1c4b23f47b9ea1c7e356420154e689e1147cbf8b,0.740832,69683.156271,0.680690,0.719774,0.699687,0.571574,0.147889
d21b648754d0254ec126b494a6638d687a3942f1,2.428383,69683.156271,0.680690,0.719774,0.699687,0.571574,0.147889
266b9e9ebbea3aa0b21547fe1ca301a5259815a4,3.082941,69683.156271,0.680690,0.719774,0.699687,0.571574,0.147889
98e8093c939126d8763f416c0e53bed5e1961bb5,2.806191,69683.156271,0.680690,0.719774,0.699687,0.571574,0.147889
55d26aa9a6216306cbd2a385d3615f426fc312d4,2.888064,69683.156271,0.680690,0.719774,0.699687,0.571574,0.147889
e6f028455c615b7a71319f577dbdadb39dbbec6d,3.004756,69683.156271,0.680690,0.719774,0.699687,0.571574,0.147889
e6f028455c615b7a71319f577dbdadb39dbbec6d,2.730655,69683.156271,0.680690,0.719774,0.699687,0.571574,0.147889
f76e64c9c7e839bfc5510212e30a11f43b824a19,2.615766,69683.156271,0.680690,0.719774,0.699687,0.571574,0.147889
e87fad31fbc98605d427aae780aeb97ba190cca7,3.129228,69683.156271,0.680690,0.719774,0.699687,0.571574,0.147889
c85177ef51a3dd7650e01a7f358082d352ee0825,2.455414,69683.156271,0.680690,0.719774,0.699687,0.571574,0.147889
eb54b496d2d846365703395d7f874e97ce3d5634,2.911679,69683.156271,0.680690,0.719774,0.699687,0.571574,0.147889
3f1a0f1a5a0df19512bfa9247a05dc6b8ccaf7f7,2.091091,69683.156271,0.680690,0.719774,0.699687,0.571574,0.147889
4c40f6475380f71e2fcc573cdbe117306672d02d,3.488690,69683.156271,0.680690,0.719774,0.699687,0.571574,0.147889
d344fa6588bf467871644834c066d30ab26acbb1,2.413976,69683.156271,0.680690,0.719774,0.699687,0.571574,0.147889
65555b300bb87de7c7584c4282d291253d8f90c0,2.680347,69683.156271,0.680690,0.719774,0.699687,0.571574,0.147889
d0eb99be760f5ec43739ca3ee72cdc0d8650001c,1.856628,69683.156271,0.680690,0.719774,0.699687,0.571574,0.147889
c6db24e56fed7fcf21b1134e3670bc616bb2d0f5,1.952377,69683.156271,0.680690,0.719774,0.699687,0.571574,0.147889
d34b7ddbfcc623b6d305e9491b8c29655e36814f,2.060338,69683.156271,0.680690,0.719774,0.699687,0.571574,0.147889
a6d564b4bba2bdaa757aa75de94338745d7b1ee7,3.436381,69683.156271,0.680690,0.719774,0.699687,0.571574,0.147889
0c255e6c4163ceb2cbf53849ef5be5e063438c74,2.258024,69683.156271,0.680690,0.719774,0.699687,0.571574,0.147889
03718f80fa3ba24c8cdc158379993b62034ad57c,2.348941,69683.156271,0.680690,0.719774,0.699687,0.571574,0.147889
34506ad7052612b623060c62aa677b2969958dea,2.585228,69683.156271,0.680690,0.719774,0.699687,0.571574,0.147889
68be69f0f7eabd66bd783d405587ed63ace92f5c,2.731168,69683.156271,0.680690,0.719774,0.699687,0.571574,0.147889
51df6e308f6b2c8e7e3a6847372f71fbc09cdc51,3.038807,69683.156271,0.680690,0.719774,0.699687,0.571574,0.147889
032c2a763b8b280a8f9ee75e1fe310bb27175b60,2.811453,69683.156271,0.680690,0.719774,0.699687,0.571574,0.147889
9b86186ceb6b8e5a9593be2cf23743bc17edf471,2.143982,69683.156271,0.680690,0.719774,0.699687,0.571574,0.147889
83bc6c2440f8034f30213b52427c6e86a2c92d06,3.124968,69683.156271,0.680690,0.719774,0.699687,0.571574,0.147889
c57aa64312e440bd6c0e0151e7f620835547fe97,3.322789,69683.156271,0.680690,0.719774,0.699687,0.571574,0.147889
adc7451201628c1bd4efa2ee15425b21970a35fe,2.722641,69683.156271,0.680690,0.719774,0.699687,0.571574,0.147889
d42aa19d02b3d5cc96c0fe8374aa86cccd6b9d26,2.600452,69683.156271,0.680690,0.719774,0.699687,0.571574,0.147889
59d754ba902975bdee3842347eecc42fb33505dd,2.573768,69683.156271,0.680690,0.719774,0.699687,0.571574,0.147889
768c81fd1b13851a742c91050d34410ca7262444,3.080302,69683.156271,0.680690,0.719774,0.699687,0.571574,0.147889
92a6354aaf2027bd1c9b65aff48130210e9cfd12,2.433915,69683.156271,0.680690,0.719774,0.699687,0.571574,0.147889
de3889d3ada6403aa951baa97b0940b290d5250f,2.652076,69683.156271,0.680690,0.719774,0.699687,0.571574,0.147889
f6d8686eba556295dca7208c5fce651239a7f858,2.925726,69683.156271,0.680690,0.719774,0.699687,0.571574,0.147889
1f7deb7f6a51b7881df6a48f46e64fce2960d2f8,2.890575,69683.156271,0.680690,0.719774,0.699687,0.571574,0.147889
9929b3727083e04da9f5743e3dcffc8768c53d2c,2.770528,69683.156271,0.680690,0.719774,0.699687,0.571574,0.147889
c8f23f401b93810e18d94c03438569b2e073adbe,3.445456,69683.156271,0.680690,0.719774,0.699687,0.571574,0.147889
27b30166c32583739d421292685c025edf47d792,2.740124,69683.156271,0.680690,0.719774,0.699687,0.571574,0.147889
0fa050c72ceebbe0f6a74b336111517c891b09f8,2.785520,69683.156271,0.680690,0.719774,0.699687,0.571574,0.147889
3a312625f55912dd24b75ad22e3e21bbb2b3a35a,2.611276,69683.156271,0.680690,0.719774,0.699687,0.571574,0.147889
a5e207dfb49030632a029a4df39a351ebe6c2f2e,2.887837,69683.156271,0.680690,0.719774,0.699687,0.571574,0.147889
bf0e290a380f958aeec7df9d7354ed4f699ece9a,2.743272,69683.156271,0.680690,0.719774,0.699687,0.571574,0.147889
37a6348e3033a3070bee3afa792997299e5cc9f6,2.486876,69683.156271,0.680690,0.719774,0.699687,0.571574,0.147889
9443f948c684d8c96f6997bcd1b5e0b6f69fab9e,2.751094,69683.156271,0.680690,0.719774,0.699687,0.571574,0.147889
588cabfc463193a03d6e3294a77a1d17ae1eb960,2.639199,69683.156271,0.680690,0.719774,0.699687,0.571574,0.147889
daa90c22d3c7d05f411d07ebfc2231b67cbcbb52,2.731809,69683.156271,0.680690,0.719774,0.699687,0.571574,0.147889
0d34a34d5b228dce304ed2f00342d444073b7de7,3.413351,69683.156271,0.680690,0.719774,0.699687,0.571574,0.147889
8af909b96ed7c5ce3e2eaeb61ff0d514ee7ea8a9,2.604824,69683.156271,0.680690,0.719774,0.699687,0.571574,0.147889
74bbacbcc9e6e60e2ebf2056354ca3e7333c2449,2.784611,69683.156271,0.680690,0.719774,0.699687,0.571574,0.147889
2839f66933b5056d216f17ae90f683462189f951,3.239960,69683.156271,0.680690,0.719774,0.699687,0.571574,0.147889
78caa0b5d0ae50ab68564539d22c1f466901c722,2.416166,69683.156271,0.680690,0.719774,0.699687,0.571574,0.147889
07cd4d4e05459f20f3ed8c2ba7a1adc1c8c6d1af,2.065803,69683.156271,0.680690,0.719774,0.699687,0.571574,0.147889
bcd4b72897f520a5dba07b2d25c485afd09da9fb,2.374540,69683.156271,0.680690,0.719774,0.699687,0.571574,0.147889
15309a422703e9f82ef03a527fdc62b307d4e5a4,1.666556,69683.156271,0.680690,0.719774,0.699687,0.571574,0.147889
4db5142bb863e77bedb1aac1bc482b9aa84d7042,2.752305,69683.156271,0.680690,0.719774,0.699687,0.571574,0.147889
017a7fbe135f8c697f7ad78fa900fbe86cbcfe3e,2.082195,69683.156271,0.680690,0.719774,0.699687,0.571574,0.147889
897da0fd3fb5f60696c85ea0f9207f98e5402f78,2.400295,69683.156271,0.680690,0.719774,0.699687,0.571574,0.147889
76a1b16b75ac12cc3b56a4e4f24566e2457b9076,1.157301,69683.156271,0.680690,0.719774,0.699687,0.571574,0.147889
e813a73e3d0911c4e0b940046bc0720d5bb4d185,2.885969,69683.156271,0.680690,0.719774,0.699687,0.571574,0.147889
84b49f9c7ab86e648f86d8053a4cd21badbdcd14,2.861605,69683.156271,0.680690,0.719774,0.699687,0.571574,0.147889
d7784969b49368f348300de3a92090ebf0807816,2.158454,69683.156271,0.680690,0.719774,0.699687,0.571574,0.147889
66acd22f9ed2db53979676ee35a63746204c56ef,3.159853,69683.156271,0.680690,0.719774,0.699687,0.571574,0.147889
51f01d6bc839bd01a98ba2bfc484e876c535879e,2.344112,69683.156271,0.680690,0.719774,0.699687,0.571574,0.147889
d0a5ff89f252f18ebae2d4ba6b7e851dddecf636,2.072171,69683.156271,0.680690,0.719774,0.699687,0.571574,0.147889
54df4174b7b681a01a9165f2b496b3198918f424,3.086092,69683.156271,0.680690,0.719774,0.699687,0.571574,0.147889
d88670c7b8950503db9702020859a9da3496a691,3.302308,69683.156271,0.680690,0.719774,0.699687,0.571574,0.147889
22f049b6bc5ab2cdd88d5c3da76def9548838d43,2.523376,69683.156271,0.680690,0.719774,0.699687,0.571574,0.147889
95d6577427eadcf2232dd0a93d095a2bbdcbfd30,1.879547,69683.156271,0.680690,0.719774,0.699687,0.571574,0.147889
7f8bd093228706229240d07dc319b6deccdb2ef5,2.191158,69683.156271,0.680690,0.719774,0.699687,0.571574,0.147889
02ab93e8098df8041fe9927002d02a3ac993c93d,3.261006,69683.156271,0.680690,0.719774,0.699687,0.571574,0.147889
c9613924245489440b82ff05ba9937ffc443b572,2.208511,69683.156271,0.680690,0.719774,0.699687,0.571574,0.147889
ebf3f05994a86a71f54a2257a2ae7e18a423d7f5,3.086935,69683.156271,0.680690,0.719774,0.699687,0.571574,0.147889
31ef64571e6a086dc82b4efc2fea3a6f7bc63dc1,2.848295,69683.156271,0.680690,0.719774,0.699687,0.571574,0.147889
e3413b70f7414dc42a61f5f4d24de32a76003149,2.386858,69683.156271,0.680690,0.719774,0.699687,0.571574,0.147889
4571a7f6483c472e1af96c94d9b92c6a3f554ed2,1.890254,69683.156271,0.680690,0.719774,0.699687,0.571574,0.147889
79d21943319c049665dae5f89bd9b5fb45ec44b8,2.411909,69683.156271,0.680690,0.719774,0.699687,0.571574,0.147889
1c70e52dd68c03c2961b7b6083ebaf98d48167a4,2.452654,69683.156271,0.680690,0.719774,0.699687,0.571574,0.147889
fb4eded5eea0b6ca4b1bb8d6938f77997ffd35bf,2.464293,69683.156271,0.680690,0.719774,0.699687,0.571574,0.147889
6af3ffc3c404dbac172c15c9bd936451a6a5c4e7,3.039059,69683.156271,0.680690,0.719774,0.699687,0.571574,0.147889
fd2cfc868c6a160cdd46c580a10e953a3b55c27e,2.285653,69683.156271,0.680690,0.719774,0.699687,0.571574,0.147889
40b14264998c17f6015f33f17c7be6bc5b0e99e8,2.600828,69683.156271,0.680690,0.719774,0.699687,0.571574,0.147889
ff92bc9bd3e2802a857154c388c8fdb712b7b2c1,2.059441,69683.156271,0.680690,0.719774,0.699687,0.571574,0.147889
3043a126a4012aa5e388b8517222ec8610b43cae,2.109065,69683.156271,0.680690,0.719774,0.699687,0.571574,0.147889
0a23d9e604b1fbd1cbaf8ad5ed9f437f91ab5051,2.428315,69683.156271,0.680690,0.719774,0.699687,0.571574,0.147889
141eb0b27c8a3ff7f30dc7fdfe4c46ac2f74a7f2,2.549642,69683.156271,0.680690,0.719774,0.699687,0.571574,0.147889
e3423b989a3f5518b17e27e6ba07ac7266077abd,2.817074,69683.156271,0.680690,0.719774,0.699687,0.571574,0.147889
91b5739a43e1eaf2a27b4fc25c86e7d8e660b92c,2.639994,69683.156271,0.680690,0.719774,0.699687,0.571574,0.147889
0210de4225d95f0e3c114227cc27c15e74e2672b,3.645525,69683.156271,0.680690,0.719774,0.699687,0.571574,0.147889
a3abc09456d9d459252949403f9b82fca3e4dd5f,3.367869,69683.156271,0.680690,0.719774,0.699687,0.571574,0.147889
752b6b86a9c7f7557db13b7e888a41fb9ae2e525,2.863066,69683.156271,0.680690,0.719774,0.699687,0.571574,0.147889
2feb6e02cfe68628bb6bc0cddb494c512056bcc9,2.242029,69683.156271,0.680690,0.719774,0.699687,0.571574,0.147889
73b32e3a737f65b51293d508b3a741beddc9b2eb,2.974092,69683.156271,0.680690,0.719774,0.699687,0.571574,0.147889
8699a4c03f7106840609eb4d82062c7f0c20a19a,1.932237,69683.156271,0.680690,0.719774,0.699687,0.571574,0.147889
403b5f1412dc7a1e509894fd9354d0051abf2132,3.560381,69683.156271,0.680690,0.719774,0.699687,0.571574,0.147889
9f6e48f6cc38a02d7a5a9a847f37da43f49e933c,2.240432,69683.156271,0.680690,0.719774,0.699687,0.571574,0.147889
d0bc5dc35cfb168ef56401f8aea5f61322b61fec,2.677203,69683.156271,0.680690,0.719774,0.699687,0.571574,0.147889
ef864824d01d06acb5a410ef9adbe6b69bd7d1b6,2.774344,69683.156271,0.680690,0.719774,0.699687,0.571574,0.147889
555bb11554158c04a7c0956fc88e23235e280e29,2.898480,69683.156271,0.680690,0.719774,0.699687,0.571574,0.147889
3ad82d894722c016971a8eb0525b3d999a03e12e,2.799030,69683.156271,0.680690,0.719774,0.699687,0.571574,0.147889
c2599050211919f75adc84c0ac256346270c408c,3.326749,69683.156271,0.680690,0.719774,0.699687,0.571574,0.147889
cb7c4243e8010827831526ee9757d88b44ff15ef,2.126107,69683.156271,0.680690,0.719774,0.699687,0.571574,0.147889
209b202fba074c73ae8bbbe784f4be1c53c0fe67,2.845460,69683.156271,0.680690,0.719774,0.699687,0.571574,0.147889
4d3eb9611ae3e5c18f716ead4494648140c9da06,2.628501,69683.156271,0.680690,0.719774,0.699687,0.571574,0.147889
d8405c24034abdc7d48ea49ff917df20ea7a123a,2.840110,69683.156271,0.680690,0.719774,0.699687,0.571574,0.147889
eb44a42b174a7dc8e950eacd4563db5609564604,2.913409,69683.156271,0.680690,0.719774,0.699687,0.571574,0.147889
722ddf197ec8397acfe7855ce8cf02620b65eef1,2.905776,69683.156271,0.680690,0.719774,0.699687,0.571574,0.147889
6b3df1b164d05b97f7c67830f65b788dd2204e47,2.228077,69683.156271,0.680690,0.719774,0.699687,0.571574,0.147889
e05daaec520ccb47760dabadb2a8b42d98aadea9,2.821938,69683.156271,0.680690,0.719774,0.699687,0.571574,0.147889
4dcd70678f4f5f8dc03c0053a1c3c81eebc5a5d7,1.663423,69683.156271,0.680690,0.719774,0.699687,0.571574,0.147889
e165fed1cc4f008133ca963d61982931e7f542df,2.434798,69683.156271,0.680690,0.719774,0.699687,0.571574,0.147889
5eaa8cf5945b361cf8367e9fe71d99b57bcc1d91,2.299311,69683.156271,0.680690,0.719774,0.699687,0.571574,0.147889
03e35758f8ddf432ea4422df23a44e731accd747,2.493715,69683.156271,0.680690,0.719774,0.699687,0.571574,0.147889
2ab097f0d34f8917b7acbf4e4c0bd0762d7e8341,3.498226,69683.156271,0.680690,0.719774,0.699687,0.571574,0.147889
a5dc3491ad4fa052ef7db5b600abd213f3a3872c,2.708511,69683.156271,0.680690,0.719774,0.699687,0.571574,0.147889
1aa49b7a04bb99784e20de51579e8cfde8c9dd3d,2.927182,69683.156271,0.680690,0.719774,0.699687,0.571574,0.147889
515defe7a416d7341abc5530476f5cac4aa5c293,3.300902,69683.156271,0.680690,0.719774,0.699687,0.571574,0.147889
9dade3162da62d09ef876485f14befcd3ddaf043,3.633627,69683.156271,0.680690,0.719774,0.699687,0.571574,0.147889
e9ab6b1b4aac87c49e9dbd8bfd936877dd6d91b0,3.484542,69683.156271,0.680690,0.719774,0.699687,0.571574,0.147889
b4f54631e668eee55ea4d86ee1e704f7e0c24b5c,3.141420,69683.156271,0.680690,0.719774,0.699687,0.571574,0.147889
1c5db5f1df1bce62601fad0681d9ab4abee004be,2.915919,69683.156271,0.680690,0.719774,0.699687,0.571574,0.147889
e548d5652a080ba6c30e588b0e888375599307c0,2.587897,69683.156271,0.680690,0.719774,0.699687,0.571574,0.147889
804c1d9042accefa92c16be9806035652ad71d93,2.674742,69683.156271,0.680690,0.719774,0.699687,0.571574,0.147889
b76ca723fcd6a68389899975b48030b7a6475085,2.680166,69683.156271,0.680690,0.719774,0.699687,0.571574,0.147889
ca03d52bb7ab9151cf1180cc62d82dbab5c6db21,2.970214,69683.156271,0.680690,0.719774,0.699687,0.571574,0.147889
ca89b34fe2d1adc9fa4e80fbd9c9ccff25788bbc,2.937671,69683.156271,0.680690,0.719774,0.699687,0.571574,0.147889
4861730fb9a57222c8ea171ebe02c5991f13caa3,2.181095,69683.156271,0.680690,0.719774,0.699687,0.571574,0.147889
4861730fb9a57222c8ea171ebe02c5991f13caa3,0.783483,69683.156271,0.680690,0.719774,0.699687,0.571574,0.147889
a0fc0edda14f731c49a0ef16da0e10b0803ae1f7,2.034329,69683.156271,0.680690,0.719774,0.699687,0.571574,0.147889
9da9b581a4d59a141afd251fed5751693842726e,2.894301,69683.156271,0.680690,0.719774,0.699687,0.571574,0.147889
2571158168be5f7257935d57cd487a78a58db16f,2.818363,69683.156271,0.680690,0.719774,0.699687,0.571574,0.147889
4f580e60bb31cf5bd669646cd395a200b7bf2ecb,2.613233,69683.156271,0.680690,0.719774,0.699687,0.571574,0.147889
40ba4fc7159d78c981e7565854688535b25ceced,2.799880,69683.156271,0.680690,0.719774,0.699687,0.571574,0.147889
23e39871a8f1a0f57c72ab52c96df06e1abf545e,2.057268,69683.156271,0.680690,0.719774,0.699687,0.571574,0.147889
658129ac5bdd1b11afedd2f7ac0bca824161baf2,3.139976,69683.156271,0.680690,0.719774,0.699687,0.571574,0.147889
3fd38e978c667cce498e5425cc5698841ce32fd8,4.170867,69683.156271,0.680690,0.719774,0.699687,0.571574,0.147889
0c24fee1383f126c8f69ef7e432679ed94ac7466,3.205414,69683.156271,0.680690,0.719774,0.699687,0.571574,0.147889
9965f99965bc27ea2326236f5ba216c865558415,1.560753,69683.156271,0.680690,0.719774,0.699687,0.571574,0.147889
1dd55187a311a7e222a910904e70d296d7099941,1.900897,69683.156271,0.680690,0.719774,0.699687,0.571574,0.147889
a4e4cf98753bac864c637be216cf4a11db7aba1d,2.749310,69683.156271,0.680690,0.719774,0.699687,0.571574,0.147889
657190df3d570d7dd52080bce869aa5c70dda8b8,2.683392,69683.156271,0.680690,0.719774,0.699687,0.571574,0.147889
19fc67c86e4c867eb3425c82dc148f2d197343d0,1.988169,69683.156271,0.680690,0.719774,0.699687,0.571574,0.147889
3ab597c9ba6057a9733a0123c10e9ea13d89ec50,2.415176,69683.156271,0.680690,0.719774,0.699687,0.571574,0.147889
40b541e78799d8747dabc8a2d50d49c49c7c1acb,2.203433,69683.156271,0.680690,0.719774,0.699687,0.571574,0.147889
8c9c8a5eba196f553d25bc37cf8b9fad090d3cd5,2.349671,69683.156271,0.680690,0.719774,0.699687,0.571574,0.147889
8d2c15c0995472f959c62ecb1dd42aaf399f2ddc,2.667611,69683.156271,0.680690,0.719774,0.699687,0.571574,0.147889
0cd3d635da5d394490721a288875ba47ca022245,2.964292,69683.156271,0.680690,0.719774,0.699687,0.571574,0.147889
8deaf31e64e1df39ef1231dbb8cfac6cc2915925,2.673551,69683.156271,0.680690,0.719774,0.699687,0.571574,0.147889
56796e42d03e5cf22689d897d2b5cae707ae91bf,2.243603,69683.156271,0.680690,0.719774,0.699687,0.571574,0.147889
60cff80db2e99ff3d75aa8137123428337b2ff52,2.487542,69683.156271,0.680690,0.719774,0.699687,0.571574,0.147889
8cff95f171adb4ecb627d3f7b3cbd626efc5d444,2.508847,69683.156271,0.680690,0.719774,0.699687,0.571574,0.147889
b97e5b495aee4f72977460bca78c84f77003f063,2.761748,69683.156271,0.680690,0.719774,0.699687,0.571574,0.147889
7f6b79b7bdb56a6ba5871a375f7b5642eab3d853,2.399612,69683.156271,0.680690,0.719774,0.699687,0.571574,0.147889
6769d81b42aefb5cc56cc5b77bdc0ba3ddafeafa,2.962211,69683.156271,0.680690,0.719774,0.699687,0.571574,0.147889
054384203d1a4fb7aac070a9ce5f64503789bbdb,3.126804,69683.156271,0.680690,0.719774,0.699687,0.571574,0.147889
a29676e8687353d07f2caf8da75e80abec67092c,2.288274,69683.156271,0.680690,0.719774,0.699687,0.571574,0.147889
e916008b8b6350ea38ac5895238bc294bf388ce0,1.118081,69683.156271,0.680690,0.719774,0.699687,0.571574,0.147889
3f86d68f713a75ff38e96ad05d82f95ef40fc9b0,1.508817,69683.156271,0.680690,0.719774,0.699687,0.571574,0.147889
e7a3675eaf83dc6a559b0c13dde4375adfa2daca,3.487899,69683.156271,0.680690,0.719774,0.699687,0.571574,0.147889
5f8ef64c740f383c0333bc5e1e8384cfef823612,2.727198,69683.156271,0.680690,0.719774,0.699687,0.571574,0.147889
fbd4b7904b9331bc53673b9cbdf8a5d76754dc29,2.969402,69683.156271,0.680690,0.719774,0.699687,0.571574,0.147889
afe1f60d56c9ac7724030172d242df06b1ea0afe,1.322982,69683.156271,0.680690,0.719774,0.699687,0.571574,0.147889
49e8fd33e8be83c016e61f866d3505387ba423af,2.760770,69683.156271,0.680690,0.719774,0.699687,0.571574,0.147889
bf8f3f119a3635a8477b1b75b3001e6236d8465b,2.006598,69683.156271,0.680690,0.719774,0.699687,0.571574,0.147889
008adf11ad381fe621c4fdf1a301f81ab839730d,2.909305,69683.156271,0.680690,0.719774,0.699687,0.571574,0.147889
7e29af034bd306bb7c55290d9d7b53edd9465790,3.004730,69683.156271,0.680690,0.719774,0.699687,0.571574,0.147889
6db9ee076b9649d5f1af1c2960c52589364e250b,2.100402,69683.156271,0.680690,0.719774,0.699687,0.571574,0.147889
9be43373fb31f1f0138ad0f81d35037325dcbaea,3.254934,69683.156271,0.680690,0.719774,0.699687,0.571574,0.147889
0d26d54df509e472fcda69d3cb7b334c3e881768,3.958718,69683.156271,0.680690,0.719774,0.699687,0.571574,0.147889
18a53f240983c7bfd6dd3d3a41b2a29d7c747de6,3.556968,69683.156271,0.680690,0.719774,0.699687,0.571574,0.147889
5f3cbb531f0bd5d2c4b7d69c9bbda8162e7d601b,2.219567,69683.156271,0.680690,0.719774,0.699687,0.571574,0.147889
c31de116f924c14d7cff5ab7ca20e40193a6a3b4,2.528087,69683.156271,0.680690,0.719774,0.699687,0.571574,0.147889
4e64915b685779fabee646522e067204feef1495,1.999016,69683.156271,0.680690,0.719774,0.699687,0.571574,0.147889
c7b1a6ebc31d18454908756b20be2f75c94670d2,2.268882,69683.156271,0.680690,0.719774,0.699687,0.571574,0.147889
2300bdd86503fad0130c1ab433e6ecce2dbff2f1,2.998488,69683.156271,0.680690,0.719774,0.699687,0.571574,0.147889
c0c2c737971b52e04b1f6516dfa1bfb05b30f4fd,2.728653,69683.156271,0.680690,0.719774,0.699687,0.571574,0.147889
bd66a270b9283bf7c87f58c6acf14e9ddda6d595,2.291779,69683.156271,0.680690,0.719774,0.699687,0.571574,0.147889
a87011262aac74b175e571061c77aed862ff3a12,2.867051,69683.156271,0.680690,0.719774,0.699687,0.571574,0.147889
330189376beb9709cf06f74179f3f1729bfcff9f,2.985928,69683.156271,0.680690,0.719774,0.699687,0.571574,0.147889
2d976095594f5dbda0466f155ae19eaff76f421e,1.866393,69683.156271,0.680690,0.719774,0.699687,0.571574,0.147889
c66689c4f421d5ae472acd3ee426f5d82d5ca780,2.575788,69683.156271,0.680690,0.719774,0.699687,0.571574,0.147889
67ab08429a3506fdc467763e2d8e7a375156f65d,2.587046,69683.156271,0.680690,0.719774,0.699687,0.571574,0.147889
79fa25ade3f9f27d2d7ade7830686609c8d5e9f4,2.154728,69683.156271,0.680690,0.719774,0.699687,0.571574,0.147889
218bd82fac229826e3095d98806f0cd7c6bc4e16,3.055575,69683.156271,0.680690,0.719774,0.699687,0.571574,0.147889
1b9e791d92d03b436f7989142b0d5b759d2ef076,2.945894,69683.156271,0.680690,0.719774,0.699687,0.571574,0.147889
47f19e9692df728a0ba0a54764d950c3032c623e,2.052860,69683.156271,0.680690,0.719774,0.699687,0.571574,0.147889
cac1d281a4174e314114b2c81df04397ece174c6,1.972457,69683.156271,0.680690,0.719774,0.699687,0.571574,0.147889
21fab6e8ec03fdf819a9c81777cd3700b7eaffd2,2.923391,69683.156271,0.680690,0.719774,0.699687,0.571574,0.147889
affa122402340a70f1517637735ab705a447e1c2,2.087669,69683.156271,0.680690,0.719774,0.699687,0.571574,0.147889
4f4c3598e6eb4e2d7ffd770140db0dcbefe7b162,2.149784,69683.156271,0.680690,0.719774,0.699687,0.571574,0.147889
d52e2a1db3eed39db68abffac2941e45c87c0054,2.529507,69683.156271,0.680690,0.719774,0.699687,0.571574,0.147889
1070e1b8b11abfb5ee4c04976bd0e72fe712073a,2.318371,69683.156271,0.680690,0.719774,0.699687,0.571574,0.147889
16fcb153512958bc6113ea055b8b7d5a1412d379,2.903337,69683.156271,0.680690,0.719774,0.699687,0.571574,0.147889
6fe94b57f2f4570facfd46bcfb731ed20c68df6d,1.711331,69683.156271,0.680690,0.719774,0.699687,0.571574,0.147889
daf41d02c75282127c909b32bb5f1951854184dc,2.383270,69683.156271,0.680690,0.719774,0.699687,0.571574,0.147889
31a5a5ff12852c3cca5593dc806c2268f7a6e20d,2.033330,69683.156271,0.680690,0.719774,0.699687,0.571574,0.147889
85223b9bccc283b4dfc338bd36f6049328a6c798,3.378091,69683.156271,0.680690,0.719774,0.699687,0.571574,0.147889
a60152655bfe007d04b392382a3aff454f1644ce,2.393630,69683.156271,0.680690,0.719774,0.699687,0.571574,0.147889
e5d3cbce0da945bfd084beaec9dd47e77d7bcf01,2.686401,69683.156271,0.680690,0.719774,0.699687,0.571574,0.147889
1af69aa7618d0c2e635b37800a9d5726b14fbdc8,2.436114,69683.156271,0.680690,0.719774,0.699687,0.571574,0.147889
9564b94336a171fec84c2c864595fa0f9b487f45,3.307523,69683.156271,0.680690,0.719774,0.699687,0.571574,0.147889
838570cc8a1a20f1b90d48f3ca71fa5b0fd0ce59,1.953036,69683.156271,0.680690,0.719774,0.699687,0.571574,0.147889
90922ea47f8cd0f02034eb545b7f85c03b080433,2.555714,69683.156271,0.680690,0.719774,0.699687,0.571574,0.147889
7fe902cccd9dddce5edbcef432b6478d0ac5993a,2.522407,69683.156271,0.680690,0.719774,0.699687,0.571574,0.147889
6a5a2f79603350781ec32b583f7969bda072ddce,2.476385,69683.156271,0.680690,0.719774,0.699687,0.571574,0.147889
d972da240324a70b8e7905a07c4c298de68a0ef7,2.583807,69683.156271,0.680690,0.719774,0.699687,0.571574,0.147889
46ede6125fd4e04b3bfabb7ee162645bc5a0a990,3.166556,69683.156271,0.680690,0.719774,0.699687,0.571574,0.147889
8d273a1e493dab0d1fb1f26251f1e562544dbc90,2.265716,69683.156271,0.680690,0.719774,0.699687,0.571574,0.147889
da9a7cd95fae257981c2fb48214eeaac8952d036,1.343492,69683.156271,0.680690,0.719774,0.699687,0.571574,0.147889
281aebdd1e8ab2842114498cf59659986e9c98db,2.213134,69683.156271,0.680690,0.719774,0.699687,0.571574,0.147889
f0a162dfbfaf7b39b4b5a54ad2059ce1c22d7600,3.012319,69683.156271,0.680690,0.719774,0.699687,0.571574,0.147889
59c0cb73abfdfbf2fc0713b0b9054f5cd4940d6e,2.213382,69683.156271,0.680690,0.719774,0.699687,0.571574,0.147889
3c22232c4b2bbb0449d9329ef6ad0db9efc46655,2.564048,69683.156271,0.680690,0.719774,0.699687,0.571574,0.147889
0fec61a70947272ae1945a371a8fe547ebf233c5,1.854542,69683.156271,0.680690,0.719774,0.699687,0.571574,0.147889
652b950074c6782778c059e8230c261f6d6f69ec,2.208540,69683.156271,0.680690,0.719774,0.699687,0.571574,0.147889
c805fbc79b76b5e96e748602699f209a06671f63,3.228048,69683.156271,0.680690,0.719774,0.699687,0.571574,0.147889
84e9e10004be6eb375868625c3b614bd7409b446,2.532819,69683.156271,0.680690,0.719774,0.699687,0.571574,0.147889
c857e1e3d7ad5b8ce940b66847de24fb393d08dc,2.823840,69683.156271,0.680690,0.719774,0.699687,0.571574,0.147889
f0121b7baa219639014c5da5c318ce330b643482,3.086152,69683.156271,0.680690,0.719774,0.699687,0.571574,0.147889
5a0db1717a66ce39bae9b7c6f27e2e6e3f6c7647,2.723182,69683.156271,0.680690,0.719774,0.699687,0.571574,0.147889
8b1d37da3e6282fab94c6f3cbdebc1cea9dd8053,2.921462,69683.156271,0.680690,0.719774,0.699687,0.571574,0.147889
f60ba72d7b400b10e333608849688c5e290693fd,2.747935,69683.156271,0.680690,0.719774,0.699687,0.571574,0.147889
735dd1fdca26d210b6e2aa0fe907397297220c32,2.810871,69683.156271,0.680690,0.719774,0.699687,0.571574,0.147889
60b41a80447da940af8c4032b960a0dc15aeb24e,3.037316,69683.156271,0.680690,0.719774,0.699687,0.571574,0.147889
386ecd4cae141ed6e01f5db9f64a7dbef19c5efa,2.431333,69683.156271,0.680690,0.719774,0.699687,0.571574,0.147889
e103c317b302b16cb912c65f6206b98b9168c887,3.466008,69683.156271,0.680690,0.719774,0.699687,0.571574,0.147889
ba3caf4bb9804b00f8a272e8e2fe7e58a644cc48,2.536130,69683.156271,0.680690,0.719774,0.699687,0.571574,0.147889
99b794c25c75a94b5ea5d163476ab52bd81f95ff,2.230567,69683.156271,0.680690,0.719774,0.699687,0.571574,0.147889
9ff9ae74c6dd49ea67e143182214e3ad52e6697e,2.376210,69683.156271,0.680690,0.719774,0.699687,0.571574,0.147889
42cc2fa0fd84d1c2632ee1bac0eaed9d54a7a150,3.219872,69683.156271,0.680690,0.719774,0.699687,0.571574,0.147889
24e6d92f17d5b3f9d57a0bd242b4692c29e0ce6b,2.661819,69683.156271,0.680690,0.719774,0.699687,0.571574,0.147889
d77ea1220d0bb08663a68c4a0911600f5579ad66,2.236353,69683.156271,0.680690,0.719774,0.699687,0.571574,0.147889
37c671721324b7c6191ac046f664b83621b05bec,2.578127,69683.156271,0.680690,0.719774,0.699687,0.571574,0.147889
1d5b47370549394cc66a8cebe99a6aba4216b2b5,3.215259,69683.156271,0.680690,0.719774,0.699687,0.571574,0.147889
86be4782d9b6b15bf6de6cf0bf94bdcb205911f2,2.390995,69683.156271,0.680690,0.719774,0.699687,0.571574,0.147889
eac920db68b3ca25ee711c3bdf8adc617ae8ff7a,2.644493,69683.156271,0.680690,0.719774,0.699687,0.571574,0.147889
8d058d3d54c0d47ec33f9dc7d1757f32fac724bf,1.744327,69683.156271,0.680690,0.719774,0.699687,0.571574,0.147889
b17bdf787b060c1ca5f2bc3984a9d96d382d1e71,1.795899,69683.156271,0.680690,0.719774,0.699687,0.571574,0.147889
890147fd6bfef012f8980244c43beece452019df,2.534773,69683.156271,0.680690,0.719774,0.699687,0.571574,0.147889
60eb28dd7e7be6b1ca02bf4e7f763584e60b7b26,2.580508,69683.156271,0.680690,0.719774,0.699687,0.571574,0.147889
b44ba51ab7f9aad8478df467dad2080804d979e8,2.260244,69683.156271,0.680690,0.719774,0.699687,0.571574,0.147889
1a1fe10e4ee7f0de9eb9116f96f9d5795f6a3af8,2.558223,69683.156271,0.680690,0.719774,0.699687,0.571574,0.147889
69831da6bd380197839d8a958cf0ee752f944245,2.485777,69683.156271,0.680690,0.719774,0.699687,0.571574,0.147889
03eff3a545c50740c0faffab90192c5d2b4154d0,3.054615,69683.156271,0.680690,0.719774,0.699687,0.571574,0.147889
e3b9e0b9e3124d466d18a81a46edff7a1999975f,2.662331,69683.156271,0.680690,0.719774,0.699687,0.571574,0.147889
176427e28450a7d57e9b31bfb432d083e2db5ee1,2.436704,69683.156271,0.680690,0.719774,0.699687,0.571574,0.147889
e2e33aae7e6f394f44369ba5e680971be97637f4,2.435775,69683.156271,0.680690,0.719774,0.699687,0.571574,0.147889
83fdaa3fea9576433be56413f9c9919f22bfa10a,1.681421,69683.156271,0.680690,0.719774,0.699687,0.571574,0.147889
74ebef5ae350c42bee348eaf010c0e87b906c286,2.182545,69683.156271,0.680690,0.719774,0.699687,0.571574,0.147889
e8d2b93f9daf978b72108e94622858fdd7c2bd5e,3.265181,69683.156271,0.680690,0.719774,0.699687,0.571574,0.147889
f4e16580f5e45558093dd8071b4dbd51c21bc171,2.700284,69683.156271,0.680690,0.719774,0.699687,0.571574,0.147889
ddc985292f25d2b9727ec9d2178f4e29f1aca111,3.093637,69683.156271,0.680690,0.719774,0.699687,0.571574,0.147889
fc1875627cc586ccf9f8942e248c80757cc8d7f2,2.329922,69683.156271,0.680690,0.719774,0.699687,0.571574,0.147889
687af98f9d3f7f9883b0e272c1126eb72e9905e7,5.185771,69683.156271,0.680690,0.719774,0.699687,0.571574,0.147889
4d0861a156d2e81329d596ec77a923038ec7535d,1.903388,69683.156271,0.680690,0.719774,0.699687,0.571574,0.147889
b316dcabec8b9479f48e8ae4cc54d1ba9a252142,2.659998,69683.156271,0.680690,0.719774,0.699687,0.571574,0.147889
919968af0805810333703db72962902b721f4420,3.483711,69683.156271,0.680690,0.719774,0.699687,0.571574,0.147889
acf5f160a8620d942dca205222924ca0ee84f92d,2.517617,69683.156271,0.680690,0.719774,0.699687,0.571574,0.147889
2ee718cc75b0874c623aeaa9db3d1161f7dcc518,2.658538,69683.156271,0.680690,0.719774,0.699687,0.571574,0.147889
2ee718cc75b0874c623aeaa9db3d1161f7dcc518,3.491478,69683.156271,0.680690,0.719774,0.699687,0.571574,0.147889
10176d98977f25fe592432341f2aead5f57e3d7f,2.041342,69683.156271,0.680690,0.719774,0.699687,0.571574,0.147889
3d41053d67c48a997374e76cdafca247b3a0f88b,3.181692,69683.156271,0.680690,0.719774,0.699687,0.571574,0.147889
9cee0d95f89a4f63b9d7c79de7ed1503f163c316,2.859504,69683.156271,0.680690,0.719774,0.699687,0.571574,0.147889
2416e2aee694263eef0c69df1a8070701ac72356,3.370429,69683.156271,0.680690,0.719774,0.699687,0.571574,0.147889
459cb9ba3da4afef6373166dc83cd14acf1a0aff,3.239043,69683.156271,0.680690,0.719774,0.699687,0.571574,0.147889
8a28ea8169e55347173cedfd9266209317d7bcf5,2.661787,69683.156271,0.680690,0.719774,0.699687,0.571574,0.147889
a52053deefb00fd15a4d9027fcddcad79bc5d83c,2.270312,69683.156271,0.680690,0.719774,0.699687,0.571574,0.147889
10259822fd778a7898c1f60789574cda9c78f7aa,2.425295,69683.156271,0.680690,0.719774,0.699687,0.571574,0.147889
c3a3e69fbe5fcc8f6a0cf76c667206ab5b04a7d3,2.532435,69683.156271,0.680690,0.719774,0.699687,0.571574,0.147889
808fa6450e1d063d9cd53caa71f30042effac673,1.435974,69683.156271,0.680690,0.719774,0.699687,0.571574,0.147889
e7c50de502c84882338dfb59014a406ba4451ec4,2.582355,69683.156271,0.680690,0.719774,0.699687,0.571574,0.147889
c4687fd51209c31a32a041f73d3f92449750a982,2.617785,69683.156271,0.680690,0.719774,0.699687,0.571574,0.147889
f5138ad16c113618882632832b749ad930ce81ce,2.659465,69683.156271,0.680690,0.719774,0.699687,0.571574,0.147889
9de78152095cd1d719ead32d6dd896aa87e9dd35,2.453494,69683.156271,0.680690,0.719774,0.699687,0.571574,0.147889
f8486a5b2559383cffcd92b2d6d13941144b03b6,2.477133,69683.156271,0.680690,0.719774,0.699687,0.571574,0.147889
46edeec1117a71dfa5433391745754f93110128e,3.224406,69683.156271,0.680690,0.719774,0.699687,0.571574,0.147889
c8406fbfcb0ca7dc469b8f1fd719b5644835e469,2.604500,69683.156271,0.680690,0.719774,0.699687,0.571574,0.147889
a2d638b655d06abf9f097dde025024fd27d45895,2.478854,69683.156271,0.680690,0.719774,0.699687,0.571574,0.147889
f1c5924b3614a5accfb94b0e32423fb152ac6d04,3.291472,69683.156271,0.680690,0.719774,0.699687,0.571574,0.147889
47a85f3f3470dc07fa4a6f621e9ebaef4525827b,4.284223,69683.156271,0.680690,0.719774,0.699687,0.571574,0.147889
e7ecc4f976821cf527eb40462cb5a2fbac8444df,2.264017,69683.156271,0.680690,0.719774,0.699687,0.571574,0.147889
509bc0417858b7cf836381126946ff647d011f33,1.794311,69683.156271,0.680690,0.719774,0.699687,0.571574,0.147889
c9d8e91ccaa631071048c80820996f3a47700a24,3.416173,69683.156271,0.680690,0.719774,0.699687,0.571574,0.147889
d70161ed151438d5a2e25d948a47945ba59b418c,3.144763,69683.156271,0.680690,0.719774,0.699687,0.571574,0.147889
2c758f3df418ab3040e38f28a5b63277719d59f2,2.803877,69683.156271,0.680690,0.719774,0.699687,0.571574,0.147889
02c0029baa449499e2814c03e987f9a7f33c7c0b,3.061667,69683.156271,0.680690,0.719774,0.699687,0.571574,0.147889
2556ae0ccd96185aa31d6fbbec18ccfb001855f1,3.999155,69683.156271,0.680690,0.719774,0.699687,0.571574,0.147889
d28a12efedbb8101bc01c10fbf754df2db4a65a6,2.602388,69683.156271,0.680690,0.719774,0.699687,0.571574,0.147889
de3934fab35545c17cca81fdfe391bc9b4648b64,2.643946,69683.156271,0.680690,0.719774,0.699687,0.571574,0.147889
a00af6d5324e16367697a9fac8af8a40eb1aa40d,2.267881,69683.156271,0.680690,0.719774,0.699687,0.571574,0.147889
47ece781e96cc870418fa6dc3ea60ed653c4d112,3.542207,69683.156271,0.680690,0.719774,0.699687,0.571574,0.147889
46c0e85a85d88e87a3a17e22a2e83cb15204cb1d,2.488058,69683.156271,0.680690,0.719774,0.699687,0.571574,0.147889
86b1ba72771718acbd1e07fbdc5caaf65ae65440,2.968024,69683.156271,0.680690,0.719774,0.699687,0.571574,0.147889
7881ab5223e3f1fbaeca8afd998e57a63f442eec,2.168819,69683.156271,0.680690,0.719774,0.699687,0.571574,0.147889
8959375645e5fb58e9f1d8b11c3be9096c81d725,2.647024,69683.156271,0.680690,0.719774,0.699687,0.571574,0.147889
468455cedd91354c3eca73817968f557f5e20bc4,3.238754,69683.156271,0.680690,0.719774,0.699687,0.571574,0.147889
1f4bc26a02443297ef103a3c72ea16114c7395a5,3.431312,69683.156271,0.680690,0.719774,0.699687,0.571574,0.147889
ac7373a2e0026cbd85f5009b832575bcd426de28,2.614551,69683.156271,0.680690,0.719774,0.699687,0.571574,0.147889
c82ad6d27c57438d3efe3c37e4bec110ecfe8e37,3.316662,69683.156271,0.680690,0.719774,0.699687,0.571574,0.147889
798aeaf10bc9a3e84c747dd2db241ca28b7c8c2a,3.095831,69683.156271,0.680690,0.719774,0.699687,0.571574,0.147889
218e255a87a62053396cb8e848bcb60832f1cce9,2.859320,69683.156271,0.680690,0.719774,0.699687,0.571574,0.147889
08460ebe5fb8be28ec01f648a3fa6cb3779a28e2,2.589030,69683.156271,0.680690,0.719774,0.699687,0.571574,0.147889
3c6ef927669f1f9e374dcbe2b634685dce60d964,3.186308,69683.156271,0.680690,0.719774,0.699687,0.571574,0.147889
6966881328c256bbef37752cce23bbac8e23fb27,1.981145,69683.156271,0.680690,0.719774,0.699687,0.571574,0.147889
2a5652a3d8ae5fb295679b43a3e81a633d4ef48c,0.842736,69683.156271,0.680690,0.719774,0.699687,0.571574,0.147889
5271c0475988717d664600cfd8add950394dc87c,2.136521,69683.156271,0.680690,0.719774,0.699687,0.571574,0.147889
c521783bb70ce90dea7ffdce64b8e668e3ee3ffb,2.895063,69683.156271,0.680690,0.719774,0.699687,0.571574,0.147889
95fe1228012c0ec60da8a1cb74ddef0c8fc030a2,3.046795,69683.156271,0.680690,0.719774,0.699687,0.571574,0.147889
442b49a5a38fc2e50770687359b9dbd733d7635c,2.754260,69683.156271,0.680690,0.719774,0.699687,0.571574,0.147889
a0ce9e4da0b5b1098c24299c5374ab6b419afc9d,3.539950,69683.156271,0.680690,0.719774,0.699687,0.571574,0.147889
db52aac897cbc7cd254d7b3cb9c525eddefc7ac7,2.467779,69683.156271,0.680690,0.719774,0.699687,0.571574,0.147889
ceeef700372a4aa3ec26b102561f6248a179c375,2.548170,69683.156271,0.680690,0.719774,0.699687,0.571574,0.147889
b9284a759f1c5754201814d5e7c1b63b8a42c2ca,2.472091,69683.156271,0.680690,0.719774,0.699687,0.571574,0.147889
770d089fd078b240316664171befcf6098d5cbf7,3.225482,69683.156271,0.680690,0.719774,0.699687,0.571574,0.147889
37bd275b163704e8afb3ae54badaa73d5d059efe,2.420202,69683.156271,0.680690,0.719774,0.699687,0.571574,0.147889
9ea9b340f2e5c40843118b2f1d195fe4179d51b9,3.300205,69683.156271,0.680690,0.719774,0.699687,0.571574,0.147889
dae50f53dabb1ddca56964046d8aea4b522365bc,2.620037,69683.156271,0.680690,0.719774,0.699687,0.571574,0.147889
8f0d4fc116ae076a71f25c9732d95e60c4e8bd59,2.061683,69683.156271,0.680690,0.719774,0.699687,0.571574,0.147889
0a7a1db8c7ebd01c98e26289dd89b5e1d707630f,2.468983,69683.156271,0.680690,0.719774,0.699687,0.571574,0.147889
4366ba500d51709b6fb91fb31e049dbcbfe71a08,2.306238,69683.156271,0.680690,0.719774,0.699687,0.571574,0.147889
4af0c49f278e5b36c9e5188f85a7f679fcbf8c2b,2.600959,69683.156271,0.680690,0.719774,0.699687,0.571574,0.147889
8706e9eef7259c5a34be05627889c9fec42a2a24,3.150542,69683.156271,0.680690,0.719774,0.699687,0.571574,0.147889
fbdb7275a389f9fe649502ba995d634d61d58a8e,3.415086,69683.156271,0.680690,0.719774,0.699687,0.571574,0.147889
b9e79bd0c3e41b04a481ec7d86873736ea1a4290,3.364867,69683.156271,0.680690,0.719774,0.699687,0.571574,0.147889
fecd35567e0207deeb01c19ea6ba98cdf03a05b3,2.687694,69683.156271,0.680690,0.719774,0.699687,0.571574,0.147889
628ed2c8677778996fd63927d8064c3d556a921e,2.774276,69683.156271,0.680690,0.719774,0.699687,0.571574,0.147889
fac33adeb614df3fad645b4f5182c4688d1208fe,2.870882,69683.156271,0.680690,0.719774,0.699687,0.571574,0.147889
ebd5dbc68a6645e0cb024742b20fc2c772357028,2.816858,69683.156271,0.680690,0.719774,0.699687,0.571574,0.147889
942ff5c654ece12ff71ae754bb8ffb8089c89b52,2.729361,69683.156271,0.680690,0.719774,0.699687,0.571574,0.147889
1a15fdc4f537b8ab87f17695abc4699446454abb,2.918908,69683.156271,0.680690,0.719774,0.699687,0.571574,0.147889
5aaf6ecab550243fad65794a970acaa2cbb0569c,4.114759,69683.156271,0.680690,0.719774,0.699687,0.571574,0.147889
0de583acb0037d0ea0164f3ab3633d641aef5c39,1.225371,69683.156271,0.680690,0.719774,0.699687,0.571574,0.147889
0bc3a6fbcabd60bd62536c4394de2353eafd6bca,2.721279,69683.156271,0.680690,0.719774,0.699687,0.571574,0.147889
b099a594650a8fb4732b49b6c6fcb905de24839b,2.601181,69683.156271,0.680690,0.719774,0.699687,0.571574,0.147889
3575db60a16626b08afa3f6440b85d38a99a06c1,2.840396,69683.156271,0.680690,0.719774,0.699687,0.571574,0.147889
8424c48d68236b6928b75c4927154adb43d05207,2.807653,69683.156271,0.680690,0.719774,0.699687,0.571574,0.147889
5f589fbbb4725d4eaed2d77dbff5405494dc0ae8,2.716556,69683.156271,0.680690,0.719774,0.699687,0.571574,0.147889
af56154a777cb329be5355d0638fdfb40f01fc73,3.185111,69683.156271,0.680690,0.719774,0.699687,0.571574,0.147889
9ec03c276fc11a49733a5f53609192ae44648006,3.545691,69683.156271,0.680690,0.719774,0.699687,0.571574,0.147889
4a6f96f7f51b85bb9cc910dd13e9fe3107aaaa36,2.769748,69683.156271,0.680690,0.719774,0.699687,0.571574,0.147889
99f7354980b52651748ea1bc7c048b5073499d76,2.744637,69683.156271,0.680690,0.719774,0.699687,0.571574,0.147889
698b670da74a973c58459473dc1dc4b1c87f91ad,2.366049,69683.156271,0.680690,0.719774,0.699687,0.571574,0.147889
f01a695ca8abf4b55aeaa37b37d2ca7f4b8c8f20,2.854598,69683.156271,0.680690,0.719774,0.699687,0.571574,0.147889
581056774a1d3fbd4329bfc1bc0ecb4e2c775a1b,2.825679,69683.156271,0.680690,0.719774,0.699687,0.571574,0.147889
bcc6f1bf5715be0cfe1c4158f13b1c9f03194566,3.554900,69683.156271,0.680690,0.719774,0.699687,0.571574,0.147889
78974def03ae670675c0338f2979f8a9d6d6a980,2.393380,69683.156271,0.680690,0.719774,0.699687,0.571574,0.147889
25dbb155a6134f0b8fecea6afe27969c4af078e6,3.116720,69683.156271,0.680690,0.719774,0.699687,0.571574,0.147889
6dd6f8ffe85798aa8d7495d1485943cf1f93dc59,2.604502,69683.156271,0.680690,0.719774,0.699687,0.571574,0.147889
fe49161fc7ee478dd035c2d0fc3a0a527e9d4ec0,3.649946,69683.156271,0.680690,0.719774,0.699687,0.571574,0.147889
1ce9ba36230c3575c0eb4d3d50fc929c0e38b045,2.960953,69683.156271,0.680690,0.719774,0.699687,0.571574,0.147889
84df9e9b003647a5e84843d94f36b23433dc0c28,2.882158,69683.156271,0.680690,0.719774,0.699687,0.571574,0.147889
62ad838be046b9624068ba0882f100e536fcd303,2.635123,69683.156271,0.680690,0.719774,0.699687,0.571574,0.147889
75d65dcf6a7299acb5e2fc719fea3ecbf6b7f6d4,2.920003,69683.156271,0.680690,0.719774,0.699687,0.571574,0.147889
3b30958fa128e778f803a237b71cb9c2f6867b01,2.693362,69683.156271,0.680690,0.719774,0.699687,0.571574,0.147889
91de280428bfd35e103ed89d34db176d97229e30,3.074402,69683.156271,0.680690,0.719774,0.699687,0.571574,0.147889
679936f6bcb66b1b734e4f3609bdb203e41d8460,2.687291,69683.156271,0.680690,0.719774,0.699687,0.571574,0.147889
9ebc6fe33d85162dcbd7a537d414d19d48443a27,3.337880,69683.156271,0.680690,0.719774,0.699687,0.571574,0.147889
7e2453ac48f6669fcefd3344e45b68b15be58ad2,3.814257,69683.156271,0.680690,0.719774,0.699687,0.571574,0.147889
1fdfd23a40c1caf0cfa90f0090e0030f089e1f19,2.441410,69683.156271,0.680690,0.719774,0.699687,0.571574,0.147889
0c1afd7e05aad6ae94ca4c203764ba31bf1a9b17,2.413745,69683.156271,0.680690,0.719774,0.699687,0.571574,0.147889
cda140e25ac2c42ecdb7fbc527e35193b3adf6b3,3.774870,69683.156271,0.680690,0.719774,0.699687,0.571574,0.147889
94eb61960a13f84a8be0dd527012f929172a0d60,2.902588,69683.156271,0.680690,0.719774,0.699687,0.571574,0.147889
4ceffe05a1bd5f63433f02cfd02af036f6026806,3.160644,69683.156271,0.680690,0.719774,0.699687,0.571574,0.147889
6942043244ef9f66a62a52a92f7d818817cc8bc0,2.839177,69683.156271,0.680690,0.719774,0.699687,0.571574,0.147889
994cbe1faf9f1cf4e7f6223c63e176ce63c218b2,2.709472,69683.156271,0.680690,0.719774,0.699687,0.571574,0.147889
470b9a48be6ee3674c4247f5c42b2cdc120ad200,2.399853,69683.156271,0.680690,0.719774,0.699687,0.571574,0.147889
bc225a5e1ad9fec25ad5f808c9065476782c9960,3.183860,69683.156271,0.680690,0.719774,0.699687,0.571574,0.147889
250507ffa6169a48da330e923872f93a28e1a92b,2.893059,69683.156271,0.680690,0.719774,0.699687,0.571574,0.147889
3f9d33c8a255a1d64c13cd119196c3fbc425f195,1.843241,69683.156271,0.680690,0.719774,0.699687,0.571574,0.147889
cb591e1d3ed3f6e2a0d91ef24cdc22ef59b5dcdc,2.027584,69683.156271,0.680690,0.719774,0.699687,0.571574,0.147889
2f099334f956e91d8ac1ae8f5f9c852488de1da8,2.535622,69683.156271,0.680690,0.719774,0.699687,0.571574,0.147889
77c963d0348437470f5cf1e619e7702aa8c56d1c,2.665714,69683.156271,0.680690,0.719774,0.699687,0.571574,0.147889
5978c0bbdf9f65ad27a803f7ed198323bde09360,2.849480,69683.156271,0.680690,0.719774,0.699687,0.571574,0.147889
7fccf45e49f88b1d60342ba204f4ce11045abdc4,2.419189,69683.156271,0.680690,0.719774,0.699687,0.571574,0.147889
08bf350d4bd6359eb37c6f6eb15d08cdb552b510,1.857186,69683.156271,0.680690,0.719774,0.699687,0.571574,0.147889
d81b8ed898d2d1e395a145a09fa60f568e5e7bd2,2.176902,69683.156271,0.680690,0.719774,0.699687,0.571574,0.147889
f08963bd4f5f2fa0da8fd79024de35884d41d4b6,2.206521,69683.156271,0.680690,0.719774,0.699687,0.571574,0.147889
6f696cac5343cff088fe2aeb2fcb4a966eccb361,2.233780,69683.156271,0.680690,0.719774,0.699687,0.571574,0.147889
709e6a6b7433e0244fd89b82f56a9782762ee9bf,2.396039,69683.156271,0.680690,0.719774,0.699687,0.571574,0.147889
2da8623032c728cb510a7e0cec6b6f4a58aff0c8,2.428859,69683.156271,0.680690,0.719774,0.699687,0.571574,0.147889
4f6cd637ea9fa1319660c185568adb918d3b98e6,0.792309,69683.156271,0.680690,0.719774,0.699687,0.571574,0.147889
44b1f3a65b625fbc0c9996fd7bff6b4a0890fc64,3.368559,69683.156271,0.680690,0.719774,0.699687,0.571574,0.147889
59a1bdd0a128f38bf05e76a9591ea8ee16843136,2.536210,69683.156271,0.680690,0.719774,0.699687,0.571574,0.147889
410e7f2c2a2a909e47683f9d43d87962628d7b99,3.337669,69683.156271,0.680690,0.719774,0.699687,0.571574,0.147889
e648fb9bc440b90889c5a715d8e0a795e440cf15,2.554552,69683.156271,0.680690,0.719774,0.699687,0.571574,0.147889
251feccc4c92c271fa834330e91634aa79832237,3.605404,69683.156271,0.680690,0.719774,0.699687,0.571574,0.147889
c769a65e156b7281c5423ef359782a7be60a62af,3.437489,69683.156271,0.680690,0.719774,0.699687,0.571574,0.147889
cf7bc7b035efaefea7dc523e814a65cc3d0c5514,2.612049,69683.156271,0.680690,0.719774,0.699687,0.571574,0.147889
6eb40285192f5530e6ef3e37aa70b0571164e1d8,2.928350,69683.156271,0.680690,0.719774,0.699687,0.571574,0.147889
d39716e8179de2a8cd165087ab84a69216274068,2.747654,69683.156271,0.680690,0.719774,0.699687,0.571574,0.147889
bb2acedac9eb2d95a87628207d75c0f0e6a3bb11,2.304115,69683.156271,0.680690,0.719774,0.699687,0.571574,0.147889
cdaad2d3e07e58b5643a9352c5110eacc6689024,3.172233,69683.156271,0.680690,0.719774,0.699687,0.571574,0.147889
6e7e9d3df5ce62f2b069156fb1f82895c777cf68,2.555512,69683.156271,0.680690,0.719774,0.699687,0.571574,0.147889
cf4bc71caa59b37dd05ede2eea353e118a2c224a,0.610541,69683.156271,0.680690,0.719774,0.699687,0.571574,0.147889
099b48373f88aaa34525427e884ab588055dc540,3.900066,69683.156271,0.680690,0.719774,0.699687,0.571574,0.147889
3ad99721928d624e5f0cf2fd749539aa40317e79,2.179993,69683.156271,0.680690,0.719774,0.699687,0.571574,0.147889
5a1f18312b1da30e0f1e1bf3f8d91312def82235,2.544121,69683.156271,0.680690,0.719774,0.699687,0.571574,0.147889
1529a1e5482b216ae17c6f0a60dab01cab1513de,1.845333,69683.156271,0.680690,0.719774,0.699687,0.571574,0.147889
7496e42f7dea1251fc7efe2fd5bad55f96f7f517,2.364033,69683.156271,0.680690,0.719774,0.699687,0.571574,0.147889
66b0e13e1666ffb8a82b4d9e257f9d87397b3069,2.997814,69683.156271,0.680690,0.719774,0.699687,0.571574,0.147889
6248fee821c6ef5ec199829e96a54bf509370bd7,2.752300,69683.156271,0.680690,0.719774,0.699687,0.571574,0.147889
4b320ce44171921d18886517ce22bfc64e403b55,2.448848,69683.156271,0.680690,0.719774,0.699687,0.571574,0.147889
9d01a1c8d426beefbdc4302a7459f38619489975,2.962648,69683.156271,0.680690,0.719774,0.699687,0.571574,0.147889
e2e5fbd8e15507247d6b44f8e7a9c426ad695695,2.550681,69683.156271,0.680690,0.719774,0.699687,0.571574,0.147889
e2e5fbd8e15507247d6b44f8e7a9c426ad695695,3.539940,69683.156271,0.680690,0.719774,0.699687,0.571574,0.147889
150267f9b1e7f131be7987a61334c2255735a3fd,3.073199,69683.156271,0.680690,0.719774,0.699687,0.571574,0.147889
db0cbafe4fd5172bd53d8cf677cd6edde7387ea0,2.775526,69683.156271,0.680690,0.719774,0.699687,0.571574,0.147889
364825ae67864bcaf9dc98f7a4cd165c22270350,2.376125,69683.156271,0.680690,0.719774,0.699687,0.571574,0.147889
4d39cf87cef67d6fb00cdba0df440bd64bd884ca,2.176765,69683.156271,0.680690,0.719774,0.699687,0.571574,0.147889
3393b07ece7cfb01ef5ba9eaf513d1d79fa3416c,1.898253,69683.156271,0.680690,0.719774,0.699687,0.571574,0.147889
343f9b4dcb31878110e18ed5957dd3c7aeb67211,3.237243,69683.156271,0.680690,0.719774,0.699687,0.571574,0.147889
6126eced61a47c84635598341dc10193f8038843,2.470763,69683.156271,0.680690,0.719774,0.699687,0.571574,0.147889
96c329f463d333df4737db287f510c3962c60681,2.658683,69683.156271,0.680690,0.719774,0.699687,0.571574,0.147889
4f713cec21d39cd68e97269c708a617db0e52b8d,2.171093,69683.156271,0.680690,0.719774,0.699687,0.571574,0.147889
8d8b43442c71d420a3ff829d671bd7cde6480d53,2.094367,69683.156271,0.680690,0.719774,0.699687,0.571574,0.147889
0bf75367c9d2d408b0f0067ec00706ee7caed887,2.707809,69683.156271,0.680690,0.719774,0.699687,0.571574,0.147889
c85f2ad5960c01181a85c05b3ad7d0c46f077609,2.503831,69683.156271,0.680690,0.719774,0.699687,0.571574,0.147889
190abde442a85d5d0a14f9b4ce715e2ebe524a45,2.298242,69683.156271,0.680690,0.719774,0.699687,0.571574,0.147889
55c32ef25c72448516fdc79df5b32d189e198ba6,2.113039,69683.156271,0.680690,0.719774,0.699687,0.571574,0.147889
6e735f5968e86b402d07be7fe42ec4ff10744096,2.696590,69683.156271,0.680690,0.719774,0.699687,0.571574,0.147889
869971f4d353429f207a514240b957b81796c3d7,2.158114,69683.156271,0.680690,0.719774,0.699687,0.571574,0.147889
ab8f155641af856d974bbe4c0b631d290323b485,2.070254,69683.156271,0.680690,0.719774,0.699687,0.571574,0.147889
a5537aad15ddd1b3d8f77a8bf5a9422fd9609816,3.343378,69683.156271,0.680690,0.719774,0.699687,0.571574,0.147889
c4721f36d8e2bc59c6663c75ef60df6d3f42ac41,3.019015,69683.156271,0.680690,0.719774,0.699687,0.571574,0.147889
71c99dc73c0161f24809d5fbe3a7516313c33b9b,2.481173,69683.156271,0.680690,0.719774,0.699687,0.571574,0.147889
242aaca0661f1f78395a97a429f96c8f1ed05ef3,3.065677,69683.156271,0.680690,0.719774,0.699687,0.571574,0.147889
3e23cf049681b37c76e28a84b8a84270b47a4a2f,2.126646,69683.156271,0.680690,0.719774,0.699687,0.571574,0.147889
aaae2db9dcbca092dea596bb46b7d815e33c5c28,2.130139,69683.156271,0.680690,0.719774,0.699687,0.571574,0.147889
c45b863bc3fc91089c1dadc6b8b454dbfecb3ce3,2.690934,69683.156271,0.680690,0.719774,0.699687,0.571574,0.147889
847e366a2ef9b96cb888de6f082ebe20d41edc9f,2.169358,69683.156271,0.680690,0.719774,0.699687,0.571574,0.147889
066a1345504c2ec85e9ab72283854b930041b383,2.130263,69683.156271,0.680690,0.719774,0.699687,0.571574,0.147889
6c750ba4ff458b9bbeebeabb2f3b03e6aa060a38,2.768571,69683.156271,0.680690,0.719774,0.699687,0.571574,0.147889
f4fc2753c3177dafbd49692ce05a324e65e57d8f,2.698905,69683.156271,0.680690,0.719774,0.699687,0.571574,0.147889
2245790c7b7833e7c359e3ff74cea8deebe5f35e,1.584596,69683.156271,0.680690,0.719774,0.699687,0.571574,0.147889
3aa4fc260a8db758fa2c56429b2bfb6d6acd23d6,2.243139,69683.156271,0.680690,0.719774,0.699687,0.571574,0.147889
5867ef4b82f0ee4166de5b66b89a9a4c6d31bee3,2.185013,69683.156271,0.680690,0.719774,0.699687,0.571574,0.147889
919fc49bc83550a6bcbd5c323f162b6e0d29fda6,2.827778,69683.156271,0.680690,0.719774,0.699687,0.571574,0.147889
eb6b6540c9fc740c7d26f814656a8036205159d6,1.591971,69683.156271,0.680690,0.719774,0.699687,0.571574,0.147889
7ce32d7229c9a4f1f0d71656b6d9830d377a1a9d,2.241501,69683.156271,0.680690,0.719774,0.699687,0.571574,0.147889
42229fd1e7a83f9f1c5226c0926e121ca0f1696d,2.099124,69683.156271,0.680690,0.719774,0.699687,0.571574,0.147889
764826c5d482f7fba6bb48969fec7ea1a637b3d8,1.380721,69683.156271,0.680690,0.719774,0.699687,0.571574,0.147889
388e5960bba36eafb2eb4b76e14fef78d3c7549c,1.993439,69683.156271,0.680690,0.719774,0.699687,0.571574,0.147889
fb58d37846f2baca48117b0fa52bce54a3cd3c0f,2.953290,69683.156271,0.680690,0.719774,0.699687,0.571574,0.147889
21a966ae8ab4e1dc85ef88cbda5536506a11b0fb,2.475303,69683.156271,0.680690,0.719774,0.699687,0.571574,0.147889
8bc47f27b06f68cb1edb9a7e49696f267b0423e3,2.237707,69683.156271,0.680690,0.719774,0.699687,0.571574,0.147889
c7795695d06622acc805e98c83c305de1cb5905f,2.171187,69683.156271,0.680690,0.719774,0.699687,0.571574,0.147889
c3cfebe4d6f07ad2765d21bc1638a74c0e3594b2,2.366500,69683.156271,0.680690,0.719774,0.699687,0.571574,0.147889
a8585a4b0d32f84ac389e8eafa4a80b50aa8b7af,1.676126,69683.156271,0.680690,0.719774,0.699687,0.571574,0.147889
417047380031feb7c782c341aeb400e61ce0fa8a,2.274195,69683.156271,0.680690,0.719774,0.699687,0.571574,0.147889
d3dec9496321e904dfd31c87ce2ce1dca3dd16e9,2.462121,69683.156271,0.680690,0.719774,0.699687,0.571574,0.147889
53324a167785c7e1b0fab58515cffb90b7000686,3.246471,69683.156271,0.680690,0.719774,0.699687,0.571574,0.147889
ea42c55b7be9f9c3832e656845ca7ed6a992348e,2.372787,69683.156271,0.680690,0.719774,0.699687,0.571574,0.147889
9486a7a93d13d10ed88cae2dfb83ea04857c5b75,1.854636,69683.156271,0.680690,0.719774,0.699687,0.571574,0.147889
42b95902fe47adfe0328be34b78ab7d4662524ad,2.098819,69683.156271,0.680690,0.719774,0.699687,0.571574,0.147889
3fc4ff308059cb66f7a64ed028f9829e1be2066f,3.669554,69683.156271,0.680690,0.719774,0.699687,0.571574,0.147889
070663634ae9e53280d4e7d4a2f0e8f831bbce8e,1.952705,69683.156271,0.680690,0.719774,0.699687,0.571574,0.147889
434ee958aa334c4fc0dfc18af0dae0730a51eaf7,3.295136,69683.156271,0.680690,0.719774,0.699687,0.571574,0.147889
6248745c3294c4b76ff61859215a64d6e81bb483,2.253210,69683.156271,0.680690,0.719774,0.699687,0.571574,0.147889
b68f922707bf4c5d24c884aa0fb904f044e61d82,1.701993,69683.156271,0.680690,0.719774,0.699687,0.571574,0.147889
0c6b1733acfe8f44c1315273ce9e076ff44a991a,2.755446,69683.156271,0.680690,0.719774,0.699687,0.571574,0.147889
26d33232424a3ec29a52bb018cb4873d9b85d0e5,2.585730,69683.156271,0.680690,0.719774,0.699687,0.571574,0.147889
e35c90ceeb1cc25c75e9fc0d162fb356756be860,2.407708,69683.156271,0.680690,0.719774,0.699687,0.571574,0.147889
98fefd1278ef1db1404b53bd4d57e7ac7e24ee5a,2.487778,69683.156271,0.680690,0.719774,0.699687,0.571574,0.147889
48adf8be7de9de208db36a871a1824cb2a5ec1e9,2.113350,69683.156271,0.680690,0.719774,0.699687,0.571574,0.147889
aa2d6bfb5fb85609694de70f090a6d4d52f6ed1c,3.107426,69683.156271,0.680690,0.719774,0.699687,0.571574,0.147889
98fc670df7feef391b7ca0ceafabf221aefb1c2e,2.242830,69683.156271,0.680690,0.719774,0.699687,0.571574,0.147889
db1f67bd513fe63166dd3bd91187f7779cdce7a7,2.244644,69683.156271,0.680690,0.719774,0.699687,0.571574,0.147889
38451a3ea3c7de9573b25aca06e8b267fbc6f42e,2.542077,69683.156271,0.680690,0.719774,0.699687,0.571574,0.147889
bbbca0238a03d599173b4c6faa567bfe551d37b7,2.614984,69683.156271,0.680690,0.719774,0.699687,0.571574,0.147889
f157606a322b42523353f4f999a4cd2cb47dd345,1.797067,69683.156271,0.680690,0.719774,0.699687,0.571574,0.147889
7e16f9d12b234967c1e35762014ebb9954b35e6f,2.486894,69683.156271,0.680690,0.719774,0.699687,0.571574,0.147889
535536e537f9a8f1a8375a633fe35b4a5ad8661a,1.727194,69683.156271,0.680690,0.719774,0.699687,0.571574,0.147889
7d4e8e15633545749397119855172ed31641dff8,2.607843,69683.156271,0.680690,0.719774,0.699687,0.571574,0.147889
6c1c6eca368850544fca582801a68a0048f39222,2.653829,69683.156271,0.680690,0.719774,0.699687,0.571574,0.147889
617baa1b13d23df353e1c702c1e28883335f21b7,0.713204,69683.156271,0.680690,0.719774,0.699687,0.571574,0.147889
11d33bcd33960d36a12d03f883b4be804aa14cb3,2.487067,69683.156271,0.680690,0.719774,0.699687,0.571574,0.147889
f38aea4bee7f54fc58de7eaf23c07e1d6f7943d3,2.355839,69683.156271,0.680690,0.719774,0.699687,0.571574,0.147889
0015659412181b30b7df7f8206381924c0fcb383,2.037436,69683.156271,0.680690,0.719774,0.699687,0.571574,0.147889
39bad0a17ee5cfc0ffd2244152ea6eb6e7780777,2.545191,69683.156271,0.680690,0.719774,0.699687,0.571574,0.147889
af587ec76805212f55a4301044ec5124dbae2d13,3.055006,69683.156271,0.680690,0.719774,0.699687,0.571574,0.147889
ef66046c123d537b92f3b6025b39bbc99e85c9a1,2.025384,69683.156271,0.680690,0.719774,0.699687,0.571574,0.147889
393d651e67378fb20558e8178cadc911320c9f41,2.781463,69683.156271,0.680690,0.719774,0.699687,0.571574,0.147889
cf2a875cd7a7032cab3daf4a216f4b459c14cda3,2.819409,69683.156271,0.680690,0.719774,0.699687,0.571574,0.147889
2ed0c22c170e119ea254b2619a7c4c278e8c65b3,2.636085,69683.156271,0.680690,0.719774,0.699687,0.571574,0.147889
89ddbe26a7595e3a8643e31661eb51b90b77f49a,2.676433,69683.156271,0.680690,0.719774,0.699687,0.571574,0.147889
6b22d970111c78d15afc2641c93e7a1a96f3114e,1.916702,69683.156271,0.680690,0.719774,0.699687,0.571574,0.147889
c369af4e8155b1251833a980de47f316c00a0776,2.836476,69683.156271,0.680690,0.719774,0.699687,0.571574,0.147889
7f1bf0de45ded7870f74e12ddcb272fa23e91e6b,2.352731,69683.156271,0.680690,0.719774,0.699687,0.571574,0.147889
b2cea17053211cced457faeac1b63c89811359fd,3.038357,69683.156271,0.680690,0.719774,0.699687,0.571574,0.147889
e3f46cbff42354fe2a85f9ad82ae18f98dbd3d90,2.586220,69683.156271,0.680690,0.719774,0.699687,0.571574,0.147889
9db5deeb2f190029f6e65d6fa81b23fee8927271,2.448906,69683.156271,0.680690,0.719774,0.699687,0.571574,0.147889
b3694b12d57563ddb8a166a4c374e8972ee338db,1.193147,69683.156271,0.680690,0.719774,0.699687,0.571574,0.147889
d6908a971e23233283039b554e0febffb75c1415,2.353359,69683.156271,0.680690,0.719774,0.699687,0.571574,0.147889
ceb066d29adcc9f9f040eabef5baeb62d45aa13e,2.289788,69683.156271,0.680690,0.719774,0.699687,0.571574,0.147889
7622e0a1faafac4a5b4a034908772bcf63fef077,2.162950,69683.156271,0.680690,0.719774,0.699687,0.571574,0.147889
e50aaba7dc06cbeec11cc6237111556577780b5d,2.818843,69683.156271,0.680690,0.719774,0.699687,0.571574,0.147889
8e3b22ccdc3c7a497c22839d2bc44a550c769a67,1.341061,69683.156271,0.680690,0.719774,0.699687,0.571574,0.147889
d75f8ccb2fe22ae5cf4e415992779df0cfecbcbe,2.468510,69683.156271,0.680690,0.719774,0.699687,0.571574,0.147889
25a217b016bef72f1d5a87763559eb3654e96371,2.896932,69683.156271,0.680690,0.719774,0.699687,0.571574,0.147889
a8976e710aaf5fe12b447a373fc0b8a1d7bae431,1.819738,69683.156271,0.680690,0.719774,0.699687,0.571574,0.147889
d0ce6322b749cd126da86c95cce0d76fb0702b28,3.270408,69683.156271,0.680690,0.719774,0.699687,0.571574,0.147889
a94689060b71679e0f9ca06345736c0a41873c7f,2.789842,69683.156271,0.680690,0.719774,0.699687,0.571574,0.147889
ea8d092f2c42c8cdab392ae67a39242458296510,2.424333,69683.156271,0.680690,0.719774,0.699687,0.571574,0.147889
5908bcccde5935b318dd692caba8cd1673cd829c,2.777976,69683.156271,0.680690,0.719774,0.699687,0.571574,0.147889
f4fa7823083ffea96ae7ff2e2ec736aa5a13c109,3.040065,69683.156271,0.680690,0.719774,0.699687,0.571574,0.147889
edf077ccd60e1f94b67c14bdb2cb6e9da77ec7ae,2.431567,69683.156271,0.680690,0.719774,0.699687,0.571574,0.147889
6d78d3d6787f4248aea1dfab0e04714948616470,2.411739,69683.156271,0.680690,0.719774,0.699687,0.571574,0.147889
a7081d797f42aab3b9f76145431b56c679702df1,2.230867,69683.156271,0.680690,0.719774,0.699687,0.571574,0.147889
858ce4c15670661766ac6eec0ee298b75e91f0bf,2.660009,69683.156271,0.680690,0.719774,0.699687,0.571574,0.147889
1360118a30ed62b964d75defe0e504e0b4957666,2.430560,69683.156271,0.680690,0.719774,0.699687,0.571574,0.147889
03e95efb1f414b85c9345243367e493f176f5601,2.337846,69683.156271,0.680690,0.719774,0.699687,0.571574,0.147889
108404767e200bae123859e71e2aff96fa43b703,2.438288,69683.156271,0.680690,0.719774,0.699687,0.571574,0.147889
26e47d7ab98ab0c2dd26189fadce4cdef48a7449,3.182842,69683.156271,0.680690,0.719774,0.699687,0.571574,0.147889
4ac6a90a82e4a8d7b5338c18ae8a16559c98ba10,2.832790,69683.156271,0.680690,0.719774,0.699687,0.571574,0.147889
50e5031d71cb79228201fc10bef8e698e3c4d960,2.591488,69683.156271,0.680690,0.719774,0.699687,0.571574,0.147889
088ee0ebcde1cdc2ec000a094ee99c23f9be7586,2.589600,69683.156271,0.680690,0.719774,0.699687,0.571574,0.147889
a88f6ecf9d1a396b5b9be9db962d5a6f53d665c7,1.539214,69683.156271,0.680690,0.719774,0.699687,0.571574,0.147889
28452b481d62946c4c87bc908138bdbfdadf975b,2.669624,69683.156271,0.680690,0.719774,0.699687,0.571574,0.147889
11cd969755ce309693985e69c1d13a04aa74eb12,2.006305,69683.156271,0.680690,0.719774,0.699687,0.571574,0.147889
4c2d61a05115625808e67693f9c6ca16865ddcb4,2.517336,69683.156271,0.680690,0.719774,0.699687,0.571574,0.147889
a08482aaafa272384a904b5575796bc426ee02eb,2.245305,69683.156271,0.680690,0.719774,0.699687,0.571574,0.147889
5aab0afe6094be6b1816f49a58c9e9789f3c860a,2.458807,69683.156271,0.680690,0.719774,0.699687,0.571574,0.147889
e4df618956fd24657c062ee209ea8348338de9a7,3.516311,69683.156271,0.680690,0.719774,0.699687,0.571574,0.147889
89ec72ea2fca97d2e5f7921fdf5e345bd308819f,2.602752,69683.156271,0.680690,0.719774,0.699687,0.571574,0.147889
5005d38b2e37c8b8a8a4b9eaf1c368d9e4ecaf04,1.934909,69683.156271,0.680690,0.719774,0.699687,0.571574,0.147889
dd2cb651ab6cd15a14afe398fd5b0cb889a20c9a,2.517681,69683.156271,0.680690,0.719774,0.699687,0.571574,0.147889
734bead8c44665380ba9ecfea76bea64ffc8732a,2.493137,69683.156271,0.680690,0.719774,0.699687,0.571574,0.147889
1da46797d7887530d08a55264e000fd41a4bf786,2.196208,69683.156271,0.680690,0.719774,0.699687,0.571574,0.147889
18221db9fdd1d6ef62b84855454685f0c83b7050,1.901461,69683.156271,0.680690,0.719774,0.699687,0.571574,0.147889
7e828db722644c3ee3618887cfe96d57128da003,1.805780,69683.156271,0.680690,0.719774,0.699687,0.571574,0.147889
6fb17a1f957c12c0090dcb716ebc4f5d93410cd1,2.391120,69683.156271,0.680690,0.719774,0.699687,0.571574,0.147889
c031b397871f1313e432e4ff3ac796d971b0a9cd,2.402360,69683.156271,0.680690,0.719774,0.699687,0.571574,0.147889
7def0a75cdc25dc40d8961a9682933f87c8d3a19,2.367519,69683.156271,0.680690,0.719774,0.699687,0.571574,0.147889
714eef2afd9a7b139cb2e87738bbdc025946fc09,2.406932,69683.156271,0.680690,0.719774,0.699687,0.571574,0.147889
8f1ad4437ff85568a82a08ba4563035e55bc0d1e,2.245147,69683.156271,0.680690,0.719774,0.699687,0.571574,0.147889
3bd6132f255ba97fa1c31c1d7ed201a0d46e2127,3.074942,69683.156271,0.680690,0.719774,0.699687,0.571574,0.147889
72f6225f7be682b2667ae397ed5c6fd8979bd94e,1.958250,69683.156271,0.680690,0.719774,0.699687,0.571574,0.147889
9d9675345b938d3de039c4474073aba8b47fc957,1.876383,69683.156271,0.680690,0.719774,0.699687,0.571574,0.147889
94891f0db4b5a2560ac7d2ede3107352916b18ae,2.275168,69683.156271,0.680690,0.719774,0.699687,0.571574,0.147889
b0e44c31d962fb3a186a4d658cc18d4369174d46,2.548868,69683.156271,0.680690,0.719774,0.699687,0.571574,0.147889
664d78eb7cd47e477391f943c53621e1196325a3,1.863557,69683.156271,0.680690,0.719774,0.699687,0.571574,0.147889
d341dac18d0f35e9bdcd7ba9ffb8feb55a1a149c,2.194621,69683.156271,0.680690,0.719774,0.699687,0.571574,0.147889
058607049986a700badff58cecf4096664d89ce3,2.321266,69683.156271,0.680690,0.719774,0.699687,0.571574,0.147889
1a45b79bb5693b1ad1ad8d10a9530db1b62fe2b6,2.248421,69683.156271,0.680690,0.719774,0.699687,0.571574,0.147889
28beb84c8ca8c5ef3fafce1ffea4916323080e7b,2.871988,69683.156271,0.680690,0.719774,0.699687,0.571574,0.147889
a6c6e732c5a2932613aeba47223be26d2b71e22b,2.250642,69683.156271,0.680690,0.719774,0.699687,0.571574,0.147889
7fca5a12574608cda83e0a26758376534cf40c5b,2.823516,69683.156271,0.680690,0.719774,0.699687,0.571574,0.147889
78bd87b02197cadac3fffbc384749569898128be,0.700656,69683.156271,0.680690,0.719774,0.699687,0.571574,0.147889
44fd56b6c8f07c53c1fd8ba1809d46bd073114df,1.805373,69683.156271,0.680690,0.719774,0.699687,0.571574,0.147889
250e509e866093a74e00b5105027cab1a7f3fcd8,2.214114,69683.156271,0.680690,0.719774,0.699687,0.571574,0.147889
d04d7cffd4d81575645ab037975277956a701de7,0.906743,69683.156271,0.680690,0.719774,0.699687,0.571574,0.147889
e5934cfb8aa9accd4a2d019621d5d006c778f4b9,2.698808,69683.156271,0.680690,0.719774,0.699687,0.571574,0.147889
c4dae2e7705d6793aa5f067fe4b3ba8a021da73c,2.542792,69683.156271,0.680690,0.719774,0.699687,0.571574,0.147889
617d28d014b23b0ea40e14838829a8323c5ec530,2.410087,69683.156271,0.680690,0.719774,0.699687,0.571574,0.147889
9fd8149db775e742bd2c2b00ac246d4715828c7a,1.908941,69683.156271,0.680690,0.719774,0.699687,0.571574,0.147889
7a3a9878f134080b52177da88684056272ad2e36,3.025991,69683.156271,0.680690,0.719774,0.699687,0.571574,0.147889
c7c76b2de0f48a14b66fb45cfd92634fc5019237,2.411366,69683.156271,0.680690,0.719774,0.699687,0.571574,0.147889
7befb5d9704837a1a3e687afd812b4163d1d1fed,2.379223,69683.156271,0.680690,0.719774,0.699687,0.571574,0.147889
1d98ca368adc31d489ddf35ef964ef6cae24ef04,1.350047,69683.156271,0.680690,0.719774,0.699687,0.571574,0.147889
a8970fc11729464696e894df255cca17227bda61,2.001647,69683.156271,0.680690,0.719774,0.699687,0.571574,0.147889
1aa78d11138c6ef1dcb2e74f11764f566a4aaa26,1.958442,69683.156271,0.680690,0.719774,0.699687,0.571574,0.147889
208d1944b4ef437e0b7fbee14b028896e82ff52d,2.761771,69683.156271,0.680690,0.719774,0.699687,0.571574,0.147889
32f2e8e18ad38e997e3fdefb3f63805efec55c90,2.902989,69683.156271,0.680690,0.719774,0.699687,0.571574,0.147889
13c241fb6b229c4fa80a4e67babaa052d65b0a2a,3.006746,69683.156271,0.680690,0.719774,0.699687,0.571574,0.147889
3c6cf994700a5992defabd0072ee138deedbb25b,2.515108,69683.156271,0.680690,0.719774,0.699687,0.571574,0.147889
a2a2d83be4999ab1596bff00f4ef075f182eae99,2.610490,69683.156271,0.680690,0.719774,0.699687,0.571574,0.147889
ba44e7bcc3810ca9e63b15e3db084543205b5c22,2.705173,69683.156271,0.680690,0.719774,0.699687,0.571574,0.147889
9d14f7352e6579b39512d5ce9545e070aafd5ab3,3.489664,69683.156271,0.680690,0.719774,0.699687,0.571574,0.147889
cb0916c44068874b5518238fba1a740c4e1a04f6,2.514008,69683.156271,0.680690,0.719774,0.699687,0.571574,0.147889
16337b2a2335badc0a541856fbadf77aed7e73da,2.368000,69683.156271,0.680690,0.719774,0.699687,0.571574,0.147889
cd9eb96942a8be1d5817513f1b9177106ae0c8a8,2.323339,69683.156271,0.680690,0.719774,0.699687,0.571574,0.147889
dd08564c86841056fa7c9e0749f83861f50beb78,3.181769,69683.156271,0.680690,0.719774,0.699687,0.571574,0.147889
e324fe401cd0e42c29340966d6b8dc07eb2ed240,0.572553,69683.156271,0.680690,0.719774,0.699687,0.571574,0.147889
489db272f581336a605124ca324a824cbff9e14c,1.669979,69683.156271,0.680690,0.719774,0.699687,0.571574,0.147889
2d9388f3571c11827ea071b37adbed9296024ef1,2.527009,69683.156271,0.680690,0.719774,0.699687,0.571574,0.147889
ab7b42f1787d83c4cdde4729085b236728d37da4,2.730352,69683.156271,0.680690,0.719774,0.699687,0.571574,0.147889
1fe83d177ea250e0eaf3347e6880cbfd251a5ed1,2.357886,69683.156271,0.680690,0.719774,0.699687,0.571574,0.147889
6bae1b99beade78750da7021c4c763004e70449d,2.640301,69683.156271,0.680690,0.719774,0.699687,0.571574,0.147889
9a0ba8cfe08ac20afa707fc3c7931c1803de1ec0,2.819113,69683.156271,0.680690,0.719774,0.699687,0.571574,0.147889
598665ea517bb040d99e0a5ffc1f590d3caaf937,2.212306,69683.156271,0.680690,0.719774,0.699687,0.571574,0.147889
9127fac2f5984e94cb10780be35b87c056990bb7,2.658421,69683.156271,0.680690,0.719774,0.699687,0.571574,0.147889
ef3a40457f07d984a4898fdcd8836d7072b4c27c,2.743758,69683.156271,0.680690,0.719774,0.699687,0.571574,0.147889
77ecf16af499d2ab688fe6df2df206ad95c97283,2.932523,69683.156271,0.680690,0.719774,0.699687,0.571574,0.147889
3a6c4dcaf1f147e2e06754889ea3a045600c4464,2.385256,69683.156271,0.680690,0.719774,0.699687,0.571574,0.147889
35927df577fb7f86785a2e170e292caa4154f88c,2.896290,69683.156271,0.680690,0.719774,0.699687,0.571574,0.147889
99eff75e8d0deae3da06c09a3fa03a0f1214ff3b,2.647349,69683.156271,0.680690,0.719774,0.699687,0.571574,0.147889
2afbc0f7e2cf399535cb9df962327e7584c10d3e,2.403227,69683.156271,0.680690,0.719774,0.699687,0.571574,0.147889
fead69a4ace2920e610b8bf94b9642d27c6a2cad,2.298014,69683.156271,0.680690,0.719774,0.699687,0.571574,0.147889
cec3bf98f292bfe486c68ee6ffccab9dc4288c1a,1.276064,69683.156271,0.680690,0.719774,0.699687,0.571574,0.147889
d85734916806f5d8a37e88065eb48bd79d11ef34,2.664211,69683.156271,0.680690,0.719774,0.699687,0.571574,0.147889
8b7fa9eb34c0f03d4872ec55abeaf29d902d3d30,2.145685,69683.156271,0.680690,0.719774,0.699687,0.571574,0.147889
df14ef9a9199178e21c1626df640c01ad3978ba7,2.349687,69683.156271,0.680690,0.719774,0.699687,0.571574,0.147889
3a135f57481877e139c85a0c9b4022ed02f288be,0.559090,69683.156271,0.680690,0.719774,0.699687,0.571574,0.147889
b802ca2f1babb606940155eadb1134a20779c6ac,1.759693,69683.156271,0.680690,0.719774,0.699687,0.571574,0.147889
9dafcb1d26b06b1096f0bc337b9a881d8b154721,2.752564,69683.156271,0.680690,0.719774,0.699687,0.571574,0.147889
ae1fba01b31feed03b5655358a3d89c621b6a224,3.037513,69683.156271,0.680690,0.719774,0.699687,0.571574,0.147889
30225aa5c0c0922709d8a48d779f4cb40f81c25d,2.456389,69683.156271,0.680690,0.719774,0.699687,0.571574,0.147889
27f14d0edc09e0bb3d22275192bf51ddfb5ab86e,2.327275,69683.156271,0.680690,0.719774,0.699687,0.571574,0.147889
0bcbf922e5bb2426cb6978d8c89124858b91ad36,2.331982,69683.156271,0.680690,0.719774,0.699687,0.571574,0.147889
f9ae0f876940af0ab2e4b8caaf181f0aa7cbd154,2.620171,69683.156271,0.680690,0.719774,0.699687,0.571574,0.147889
2186d938c0818b9594ca9b84fc20614b5b39c55e,2.655779,69683.156271,0.680690,0.719774,0.699687,0.571574,0.147889
c3b56ac7ce676bd593571de2aa1b36481545f57c,1.920191,69683.156271,0.680690,0.719774,0.699687,0.571574,0.147889
e91af4c7e372c6b93c2f94395ca5517c355f24bd,2.192065,69683.156271,0.680690,0.719774,0.699687,0.571574,0.147889
7fd2206f4fc6c5e6ec109a0967ee3ff8787def40,2.395552,69683.156271,0.680690,0.719774,0.699687,0.571574,0.147889
f8985f2c9241327d359c719d358dd48b8831ef9f,1.005036,69683.156271,0.680690,0.719774,0.699687,0.571574,0.147889
e2f56656e6e6dd63daae44c1007c108f83adfa3a,2.684598,69683.156271,0.680690,0.719774,0.699687,0.571574,0.147889
24e962cfe1c348d0c1de95f546b2091fe75a2c06,3.696039,69683.156271,0.680690,0.719774,0.699687,0.571574,0.147889
253ae0edae55a04c7abfb248dc91ffca6a32ba17,3.012613,69683.156271,0.680690,0.719774,0.699687,0.571574,0.147889
0d4770f81232f01f91bb67d1dca66fbf024d2fc0,2.690151,69683.156271,0.680690,0.719774,0.699687,0.571574,0.147889
b52054fc662dbcf9a52e3d1270bcbd4d00adaba3,2.191530,69683.156271,0.680690,0.719774,0.699687,0.571574,0.147889
5fa4d63ad32b1d4cb01132c2ea12ff01261a9eb4,2.264604,69683.156271,0.680690,0.719774,0.699687,0.571574,0.147889
a45a50efa4da3b4f2f2f95b15e155aa0993442a2,2.429074,69683.156271,0.680690,0.719774,0.699687,0.571574,0.147889
77d3fd93325137c00689638af399f1646148777c,2.627355,69683.156271,0.680690,0.719774,0.699687,0.571574,0.147889
f9e07364d67352d3bfee5bf03075621fbcdbb021,2.528627,69683.156271,0.680690,0.719774,0.699687,0.571574,0.147889
15fad67f64ca572d4c1efd6a9e4a0de0ce4423ee,2.644756,69683.156271,0.680690,0.719774,0.699687,0.571574,0.147889
72eda980e3b050c0a3cf8f80a3112d9816f62037,2.458934,69683.156271,0.680690,0.719774,0.699687,0.571574,0.147889
552a80a569c41e02017bb02122804408c43b50af,2.372332,69683.156271,0.680690,0.719774,0.699687,0.571574,0.147889
4c68a2db0a9ee6db710d9635a3fc883d3d3c02a4,2.279136,69683.156271,0.680690,0.719774,0.699687,0.571574,0.147889
6c09af5802174fbe896a2d862238c02ca8678f01,3.208536,69683.156271,0.680690,0.719774,0.699687,0.571574,0.147889
a91aac0867a2634794c920e02fd5f285b40371a5,2.570717,69683.156271,0.680690,0.719774,0.699687,0.571574,0.147889
7d0c73479792c0afa31da75af1add38ad81ca6e3,2.354744,69683.156271,0.680690,0.719774,0.699687,0.571574,0.147889
69994c0ba6c7a06b0997500f759bad3c846b99a9,2.409310,69683.156271,0.680690,0.719774,0.699687,0.571574,0.147889
6fedcabaf1bfa817f0fe82388775bed084f04834,2.624892,69683.156271,0.680690,0.719774,0.699687,0.571574,0.147889
e250fae21bd8bfc40d65c9d2d7738d0718d5705e,2.872649,69683.156271,0.680690,0.719774,0.699687,0.571574,0.147889
71feb53bf6d58f7b43ac0621e4176c82d74d1a76,3.400582,69683.156271,0.680690,0.719774,0.699687,0.571574,0.147889
34c493059113a0db17fa5efeeebd5936510bc4b0,2.996527,69683.156271,0.680690,0.719774,0.699687,0.571574,0.147889
73bebfe2edd96f30d048c105c03fa7e8102ca8ce,1.985197,69683.156271,0.680690,0.719774,0.699687,0.571574,0.147889
9f465313a871978560b41ee9284521993f5db3d1,1.588322,69683.156271,0.680690,0.719774,0.699687,0.571574,0.147889
52ed08c2e5c2838d681cb07d60ed4cfbd764deb6,2.291312,69683.156271,0.680690,0.719774,0.699687,0.571574,0.147889
a989fb6113c8f41fd9db80ee0e8de948228851b8,1.636283,69683.156271,0.680690,0.719774,0.699687,0.571574,0.147889
840bcf30c2ebf1db8400b68db88aaad18dbca197,2.828704,69683.156271,0.680690,0.719774,0.699687,0.571574,0.147889
c151f6e27999abe4be4e1a8e7151c8ca0ae9a157,3.056195,69683.156271,0.680690,0.719774,0.699687,0.571574,0.147889
cb226d50f87c93c33d70afa2bfaaa9726ba75e1e,2.230127,69683.156271,0.680690,0.719774,0.699687,0.571574,0.147889
176f4cfbe5c9491041e0630dad8dbf1b59dac301,2.898778,69683.156271,0.680690,0.719774,0.699687,0.571574,0.147889
8b6844a651249488ab64b463dd8e976104fffe43,1.079947,69683.156271,0.680690,0.719774,0.699687,0.571574,0.147889
043dc9fae30c9e93375f01da65f42a1f5261cb8a,3.046336,69683.156271,0.680690,0.719774,0.699687,0.571574,0.147889
9593631eea43f3b2a374c3f9884885281f9facf2,2.608538,69683.156271,0.680690,0.719774,0.699687,0.571574,0.147889
0e87eb8fc222f557838a117c743ea504710bc4ce,2.536298,69683.156271,0.680690,0.719774,0.699687,0.571574,0.147889
03b09a482f5fe3eb689330180044f3c9604e1542,2.880520,69683.156271,0.680690,0.719774,0.699687,0.571574,0.147889
df0dadba300fca2171d928504ad668ae1d09b2cb,2.228936,69683.156271,0.680690,0.719774,0.699687,0.571574,0.147889
c1c45487c5af0e215ec45b5116befc227ea0e5a8,0.574788,69683.156271,0.680690,0.719774,0.699687,0.571574,0.147889
bd43b8e73246317a60deb9df1b10e1cd27253ad3,2.593356,69683.156271,0.680690,0.719774,0.699687,0.571574,0.147889
8de86edbb196589dab675f4919c191ed623e8db3,2.202995,69683.156271,0.680690,0.719774,0.699687,0.571574,0.147889
2f81103b940ee5c4702aff24b8e06bd703999120,2.387782,69683.156271,0.680690,0.719774,0.699687,0.571574,0.147889
acb67bd773aa6a2416bbfb8b26e10fe3ac6a0996,1.985094,69683.156271,0.680690,0.719774,0.699687,0.571574,0.147889
42434121734c57ec6df109afa1cbca6623ad3e4b,2.465306,69683.156271,0.680690,0.719774,0.699687,0.571574,0.147889
abb31d0a7ca769a1e6406553a58a7fb0bd3b259a,2.408080,69683.156271,0.680690,0.719774,0.699687,0.571574,0.147889
81de81a01a19635649371347564fdc7448ae0211,2.495151,69683.156271,0.680690,0.719774,0.699687,0.571574,0.147889
f8b3473e478d2c6b9bca330d90aa95cf6ef017ac,2.140876,69683.156271,0.680690,0.719774,0.699687,0.571574,0.147889
2b87a20338ad16d5424c7232bcd5df7919d789ed,1.997841,69683.156271,0.680690,0.719774,0.699687,0.571574,0.147889
792e5295197173880409be46433a00d35257cd0d,2.384693,69683.156271,0.680690,0.719774,0.699687,0.571574,0.147889
605cc790f9aa77482dd3c5c8edb7fc20d9c750df,2.383761,69683.156271,0.680690,0.719774,0.699687,0.571574,0.147889
26b3f86939abf3df931786e058a84cfda1120570,2.150500,69683.156271,0.680690,0.719774,0.699687,0.571574,0.147889
bda486db469a0ea3c00c303fc89c73eb69d64a3c,2.811876,69683.156271,0.680690,0.719774,0.699687,0.571574,0.147889
bda486db469a0ea3c00c303fc89c73eb69d64a3c,2.702194,69683.156271,0.680690,0.719774,0.699687,0.571574,0.147889
7df3c2323f9a0465abba5806fa395c13fb1e1205,2.608241,69683.156271,0.680690,0.719774,0.699687,0.571574,0.147889
ee96253d4605ed5a735dac4f5f91e3e55d6daba7,2.635620,69683.156271,0.680690,0.719774,0.699687,0.571574,0.147889
